USE master;
GO
DROP DATABASE IF EXISTS spaces;
GO
CREATE DATABASE spaces;
GO
-- Drop Order
DROP TABLE IF EXISTS [Data Received];
DROP TABLE IF EXISTS [Data];
DROP TABLE IF EXISTS [Recording];
DROP TABLE IF EXISTS [Stream Schedule];
DROP TABLE IF EXISTS [Super Platinum];
DROP TABLE IF EXISTS [Platinum];
DROP TABLE IF EXISTS [Gold];
DROP TABLE IF EXISTS [Standard];
DROP TABLE IF EXISTS [Stream];
DROP TABLE IF EXISTS [Sensor];
DROP TABLE IF EXISTS [Maintenance Worker];
DROP TABLE IF EXISTS [Zone];
DROP TABLE IF EXISTS [Subscription];
DROP TABLE IF EXISTS [Levels];
DROP TABLE IF EXISTS [Contract];
DROP TABLE IF EXISTS [Client];
DROP TABLE IF EXISTS [Sales Rep];
DROP TABLE IF EXISTS [Supply Order];
DROP TABLE IF EXISTS [Product];
DROP TABLE IF EXISTS [Supplier];
DROP TABLE IF EXISTS [Executive Admin];
DROP TABLE IF EXISTS [Employee Profile];

-- Create Tables
USE spaces
GO
CREATE TABLE [Client] (
  id        int IDENTITY NOT NULL, 
  firstname varchar(50) NOT NULL, 
  lastname  varchar(50) NOT NULL, 
  email     varchar(100) NOT NULL, 
  phone     varchar(20) NOT NULL, 
  business  varchar(100) NULL, 
  institute varchar(100) NULL, 
  [address]   varchar(50) NOT NULL, 
  city      varchar(100) NOT NULL, 
  country   varchar(50) NOT NULL, 
  postcode  varchar(5) NOT NULL, 
  PRIMARY KEY (id));
CREATE TABLE [Contract] (
  id                            int NOT NULL, 
  Clientid                      int NOT NULL, 
  SalesRepEmployeeProfileID		int NOT NULL, 
  signeddate                    date NOT NULL, 
  [status]                      varchar(10) NOT NULL, 
  PRIMARY KEY (id));
CREATE TABLE [Data] (
  id          int IDENTITY NOT NULL, 
  Streamid    int NOT NULL, 
  Recordingid int NOT NULL, 
  [date]      date NOT NULL, 
  expires     date NOT NULL, 
  PRIMARY KEY (id));
CREATE TABLE [Data Received] (
  PlatinumGoldStandardSubscriptionid int NOT NULL, 
  Dataid                       int NOT NULL);
CREATE TABLE [Employee Profile] (
  id        int IDENTITY NOT NULL, 
  firstname varchar(50) NOT NULL, 
  lastname  varchar(50) NOT NULL, 
  email     varchar(100) NOT NULL, 
  phone     varchar(20) NOT NULL, 
  PRIMARY KEY (id));
CREATE TABLE [Executive Admin] (
  EmployeeProfileid int NOT NULL, 
  PRIMARY KEY (EmployeeProfileid));
CREATE TABLE [Gold] (
  StandardSubscriptionid int NOT NULL, 
  StandardLevelsid       int NOT NULL, 
  Streamid               int NOT NULL, 
  PRIMARY KEY (StandardSubscriptionid));
CREATE TABLE [Levels] (
  id    int IDENTITY NOT NULL, 
  tier  varchar(25) NOT NULL, 
  price decimal(19, 0) NOT NULL, 
  PRIMARY KEY (id));
CREATE TABLE [Maintenance Worker] (
  EmployeeProfileid                  int NOT NULL, 
  ExecutiveAdminEmployeeProfileid	int NOT NULL, 
  Zoneid                      int NOT NULL, 
  PRIMARY KEY (EmployeeProfileid));
CREATE TABLE [Platinum] (
  GoldStandardSubscriptionid int NOT NULL, 
  GoldStandardLevelsid       int NOT NULL, 
  PRIMARY KEY (GoldStandardSubscriptionid));
CREATE TABLE [Product] (
  id                 int IDENTITY NOT NULL, 
  Suppliersupplycode int NOT NULL, 
  [name]               varchar(50) NOT NULL, 
  price              decimal(19,0) NOT NULL, 
  [description]        varchar(200) NOT NULL, 
  PRIMARY KEY (id));
CREATE TABLE [Recording] (
  id         int IDENTITY NOT NULL, 
  Streamid   int NOT NULL, 
  Sensorid   int NOT NULL, 
  video      image NOT NULL, 
  audio      image NOT NULL, 
  bodyimagry image NOT NULL, 
  [length]     time NOT NULL, 
  [size]     int NOT NULL, 
  PRIMARY KEY (id));
CREATE TABLE [Sales Rep] (
  EmployeeProfileid        int NOT NULL, 
  ExecutiveAdminEmployeeProfileid int NOT NULL, 
  PRIMARY KEY (EmployeeProfileid));
CREATE TABLE [Sensor] (
  id          int IDENTITY NOT NULL, 
  Zoneid      int NOT NULL, 
  coordinates varchar(20) NOT NULL, 
  lastserv    date NOT NULL, 
  nextserv    date NOT NULL, 
  PRIMARY KEY (id));
CREATE TABLE [Standard] (
  Subscriptionid int NOT NULL, 
  Levelsid       int NOT NULL, 
  Streamid       int NOT NULL, 
  PRIMARY KEY (Subscriptionid));
CREATE TABLE [Stream] (
  id       int IDENTITY NOT NULL, 
  Sensorid int NOT NULL,
  [date] datetime NOT NULL,
  [start]  time NOT NULL, 
  [end]    time NOT NULL, 
  PRIMARY KEY (id));
CREATE TABLE [Stream Schedule] (
  id int IDENTITY NOT NULL,
  Sensorid int NOT NULL, 
  Streamid int NOT NULL, 
  Clientid int NOT NULL, 
  [date]   date NOT NULL, 
  [time]     time(7) NOT NULL, 
  PRIMARY KEY (id));
CREATE TABLE [Subscription] (
  id				int NOT NULL, 
  Contractid       int NOT NULL, 
  Levelsid         int NOT NULL, 
  discount         varchar(6) NOT NULL, 
  [status]           varchar(15) NOT NULL, 
  lastpay          date NOT NULL, 
  nextpay          date NOT NULL, 
  PRIMARY KEY (id));
CREATE TABLE [Super Platinum] (
  PlatinumGoldStandardSubscriptionid int NOT NULL, 
  Zoneid                             int NOT NULL, 
  PlatinumGoldStandardLevelsid       int NOT NULL, 
  PRIMARY KEY (PlatinumGoldStandardSubscriptionid));
CREATE TABLE [Supplier] (
  supplycode int IDENTITY NOT NULL, 
  company    varchar(100) NOT NULL, 
  email      varchar(150) NOT NULL, 
  phone      varchar(20) NOT NULL, 
  [address]    varchar(100) NOT NULL, 
  country    varchar(100) NOT NULL, 
  postcode   varchar(5) NOT NULL, 
  city       varchar(100) NOT NULL, 
  PRIMARY KEY (supplycode));
CREATE TABLE [Supply Order] (
  orderno                     int IDENTITY NOT NULL, 
  Suppliersupplycode          int NOT NULL, 
  ExecutiveAdminEmployeeProfileid int NOT NULL, 
  Productid                   int NOT NULL, 
  Sensorid int,
  [date]                      date NOT NULL, 
  quantity                    int NOT NULL,  
  notes                       varchar(255) NULL, 
  PRIMARY KEY (orderno));
CREATE TABLE [Zone] (
  id          int IDENTITY NOT NULL, 
  coordinates varchar(20) NOT NULL, 
  climate     varchar(30) NOT NULL, 
  country     varchar(100) NOT NULL, 
  area        varchar(100) NOT NULL, 
  PRIMARY KEY (id));

-- Add Foreign Keys
ALTER TABLE [Standard] ADD CONSTRAINT FKStandard21728 FOREIGN KEY (Levelsid) REFERENCES [Levels] (id);
ALTER TABLE [Data Received] ADD CONSTRAINT [FKData Recei840310] FOREIGN KEY (PlatinumGoldStandardSubscriptionid) REFERENCES [Platinum] (GoldStandardSubscriptionid);
ALTER TABLE [Maintenance Worker] ADD CONSTRAINT FKMaintenanc377456 FOREIGN KEY (Zoneid) REFERENCES [Zone] (id);
ALTER TABLE [Sales Rep] ADD CONSTRAINT [FKSales Rep169760] FOREIGN KEY (EmployeeProfileid) REFERENCES [Employee Profile] (id);
ALTER TABLE [Sales Rep] ADD CONSTRAINT [FKSales Rep883849] FOREIGN KEY (ExecutiveAdminEmployeeProfileid) REFERENCES [Executive Admin] (EmployeeProfileid);
ALTER TABLE [Data Received] ADD CONSTRAINT [FKData Recei651939] FOREIGN KEY (Dataid) REFERENCES [Data] (id);
ALTER TABLE [Stream Schedule] ADD CONSTRAINT [FKStream Sch774993] FOREIGN KEY (Streamid) REFERENCES [Stream] (id);
ALTER TABLE [Recording] ADD CONSTRAINT FKRecording761285 FOREIGN KEY (Sensorid) REFERENCES [Sensor] (id);
ALTER TABLE [Supply Order] ADD CONSTRAINT [FKSupply Ord435723] FOREIGN KEY (Productid) REFERENCES [Product] (id);
ALTER TABLE [Product] ADD CONSTRAINT FKProduct336358 FOREIGN KEY (Suppliersupplycode) REFERENCES [Supplier] (supplycode);
ALTER TABLE [Data] ADD CONSTRAINT FKData57669 FOREIGN KEY (Recordingid) REFERENCES [Recording] (id);
ALTER TABLE [Recording] ADD CONSTRAINT FKRecording983898 FOREIGN KEY (Streamid) REFERENCES [Stream] (id);
ALTER TABLE [Gold] ADD CONSTRAINT FKGold684007 FOREIGN KEY (Streamid) REFERENCES [Stream] (id);
ALTER TABLE [Standard] ADD CONSTRAINT FKStandard732643 FOREIGN KEY (Streamid) REFERENCES [Stream] (id);
ALTER TABLE [Stream Schedule] ADD CONSTRAINT [FKStream Sch419210] FOREIGN KEY (Sensorid) REFERENCES [Sensor] (id);
ALTER TABLE [Stream Schedule] ADD CONSTRAINT [FKStream Sch17645] FOREIGN KEY (Clientid) REFERENCES [Client] (id);
ALTER TABLE [Maintenance Worker] ADD CONSTRAINT FKMaintenanc793125 FOREIGN KEY (ExecutiveAdminEmployeeProfileid) REFERENCES [Executive Admin] (EmployeeProfileid);
ALTER TABLE [Super Platinum] ADD CONSTRAINT [FKSuper Plat197454] FOREIGN KEY (PlatinumGoldStandardSubscriptionid) REFERENCES [Platinum] (GoldStandardSubscriptionid);
ALTER TABLE [Platinum] ADD CONSTRAINT FKPlatinum477589 FOREIGN KEY (GoldStandardSubscriptionid) REFERENCES [Gold] (StandardSubscriptionid);
ALTER TABLE [Gold] ADD CONSTRAINT FKGold781428 FOREIGN KEY (StandardSubscriptionid) REFERENCES [Standard] (Subscriptionid);
ALTER TABLE [Subscription] ADD CONSTRAINT FKSubscripti271832 FOREIGN KEY (Levelsid) REFERENCES [Levels] (id);
ALTER TABLE [Contract] ADD CONSTRAINT FKContract293351 FOREIGN KEY (SalesRepEmployeeProfileID) REFERENCES [Sales Rep] (EmployeeProfileid);
ALTER TABLE [Maintenance Worker] ADD CONSTRAINT FKMaintenanc878974 FOREIGN KEY (EmployeeProfileid) REFERENCES [Employee Profile] (id);
ALTER TABLE [Supply Order] ADD CONSTRAINT [FKSupply Ord620205] FOREIGN KEY (ExecutiveAdminEmployeeProfileid) REFERENCES [Executive Admin] (EmployeeProfileid);
ALTER TABLE [Executive Admin] ADD CONSTRAINT [FKExecutive 242955] FOREIGN KEY (EmployeeProfileid) REFERENCES [Employee Profile] (id);
ALTER TABLE [Subscription] ADD CONSTRAINT FKSubscripti693811 FOREIGN KEY (Contractid) REFERENCES [Contract] (id);
ALTER TABLE [Contract] ADD CONSTRAINT FKContract24167 FOREIGN KEY (Clientid) REFERENCES [Client] (id);
ALTER TABLE [Stream] ADD CONSTRAINT FKStream528145 FOREIGN KEY (Sensorid) REFERENCES [Sensor] (id);
ALTER TABLE [Sensor] ADD CONSTRAINT FKSensor226375 FOREIGN KEY (Zoneid) REFERENCES [Zone] (id);
ALTER TABLE [Super Platinum] ADD CONSTRAINT [FKSuper Plat120794] FOREIGN KEY (Zoneid) REFERENCES [Zone] (id);
ALTER TABLE [Data] ADD CONSTRAINT FKData581425 FOREIGN KEY (Streamid) REFERENCES [Stream] (id);
ALTER TABLE [Supply Order] ADD CONSTRAINT [FKSupply Ord304220] FOREIGN KEY (Suppliersupplycode) REFERENCES [Supplier] (supplycode);
ALTER TABLE [Supply Order] ADD CONSTRAINT [FKSupply Ord894046] FOREIGN KEY (Sensorid) REFERENCES Sensor (id);

SET IDENTITY_INSERT [Client] on;
-- Insert Statements
-- Client
insert into [client] (id, firstname, lastname, email, phone, business, institute, address, city, country, postcode) values (1, 'Nikki', 'Wrotham', 'nwrotham0@intel.com', '281-932-9030', null, null, '585 Farragut Pass', 'Sokol', 'Russia', 5719);
insert into [client] (id, firstname, lastname, email, phone, business, institute, address, city, country, postcode) values (2, 'Veronike', 'Randerson', 'vranderson1@state.gov', '419-517-6269', null, null, '5 Emmet Alley', 'Sirinhaém', 'Brazil', 6668);
insert into [client] (id, firstname, lastname, email, phone, business, institute, address, city, country, postcode) values (3, 'Pauli', 'Frisch', 'pfrisch2@nationalgeographic.com', '205-995-1659', null, null, '1847 Nevada Lane', 'Birmingham', 'United States', 6845);
insert into [client] (id, firstname, lastname, email, phone, business, institute, address, city, country, postcode) values (4, 'Bette-ann', 'Creek', 'bcreek3@google.com', '780-137-6823', null, 'University of Agriculture Abeokuta', '81493 Dorton Parkway', 'Kaura Namoda', 'Nigeria', 3566);
insert into [client] (id, firstname, lastname, email, phone, business, institute, address, city, country, postcode) values (5, 'Hamil', 'Ondracek', 'hondracek4@apache.org', '540-826-0928', null, null, '32 Darwin Circle', 'Matatiele', 'South Africa', 5539);
insert into [client] (id, firstname, lastname, email, phone, business, institute, address, city, country, postcode) values (6, 'Gaby', 'Le Franc', 'glefranc5@unc.edu', '243-327-6773', null, 'Araullo University', '89689 Annamark Trail', 'Napnapan', 'Philippines', 6750);
insert into [client] (id, firstname, lastname, email, phone, business, institute, address, city, country, postcode) values (7, 'Stafford', 'Paddie', 'spaddie6@naver.com', '649-724-2180', 'Graham and Sons', 'Universidade Gama Filho', '30113 Kim Avenue', 'Barão de Cocais', 'Brazil', 1897);
insert into [client] (id, firstname, lastname, email, phone, business, institute, address, city, country, postcode) values (8, 'Brandy', 'Tayloe', 'btayloe7@samsung.com', '435-446-2175', null, null, '08956 Nova Street', 'Sangju', 'South Korea', 1804);
insert into [client] (id, firstname, lastname, email, phone, business, institute, address, city, country, postcode) values (9, 'Marney', 'Burkwood', 'mburkwood8@topsy.com', '145-132-9449', null, null, '63 Logan Crossing', 'Labrador', 'Philippines', 5247);
insert into [client] (id, firstname, lastname, email, phone, business, institute, address, city, country, postcode) values (10, 'Stanley', 'Ede', 'sede9@timesonline.co.uk', '827-835-7519', null, null, '8 Melody Drive', 'Vrbno pod Pradědem', 'Czech Republic', 9749);
insert into [client] (id, firstname, lastname, email, phone, business, institute, address, city, country, postcode) values (11, 'Teodorico', 'Seaman', 'tseamana@aboutads.info', '478-442-4526', null, null, '740 Grim Crossing', 'Santo Antônio de Jesus', 'Brazil', 2591);
insert into [client] (id, firstname, lastname, email, phone, business, institute, address, city, country, postcode) values (12, 'Blancha', 'Irvin', 'birvinb@columbia.edu', '765-595-4894', null, 'Eastern Mediterranean University', '1 La Follette Trail', 'Nicosia', 'Cyprus', 8065);
insert into [client] (id, firstname, lastname, email, phone, business, institute, address, city, country, postcode) values (13, 'Lanie', 'Stegers', 'lstegersc@cbslocal.com', '931-291-7293', null, null, '20 Maryland Point', 'Klampok', 'Indonesia', 1541);
insert into [client] (id, firstname, lastname, email, phone, business, institute, address, city, country, postcode) values (14, 'Lester', 'Pennuzzi', 'lpennuzzid@gmpg.org', '781-133-6295', null, 'Universitas Muslim Indonesia', '6 Pawling Plaza', 'Pangradin Satu', 'Indonesia', 6748);
insert into [client] (id, firstname, lastname, email, phone, business, institute, address, city, country, postcode) values (15, 'Menard', 'Emmanueli', 'memmanuelie@toplist.cz', '576-300-3960', 'Fisher and Sons', 'Universidad del Istmo', '5 Prentice Place', 'San Luis Ixcán', 'Guatemala', 3312);
insert into [client] (id, firstname, lastname, email, phone, business, institute, address, city, country, postcode) values (16, 'Cherry', 'Sherar', 'csherarf@uiuc.edu', '455-797-3838', null, 'Adventist University of the Philippines', '3049 Colorado Circle', 'Madrid', 'Philippines', 8221);
insert into [client] (id, firstname, lastname, email, phone, business, institute, address, city, country, postcode) values (17, 'Cello', 'McAvaddy', 'cmcavaddyg@wikispaces.com', '750-454-8562', null, 'Stockholm University', '160 Warner Alley', 'Göteborg', 'Sweden', 7389);
insert into [client] (id, firstname, lastname, email, phone, business, institute, address, city, country, postcode) values (18, 'Bradan', 'Hurles', 'bhurlesh@blogger.com', '379-260-4948', null, null, '6641 Graedel Way', 'Kampinos', 'Poland', 3637);
insert into [client] (id, firstname, lastname, email, phone, business, institute, address, city, country, postcode) values (19, 'Katusha', 'Durran', 'kdurrani@auda.org.au', '206-548-3848', null, 'University of New York in Prague', '7 Cherokee Lane', 'Údlice', 'Czech Republic', 4488);
insert into [client] (id, firstname, lastname, email, phone, business, institute, address, city, country, postcode) values (20, 'Rudyard', 'Whiteson', 'rwhitesonj@sphinn.com', '743-635-5098', null, 'Belarussian State University of Informatics and Radioelectronics', '207 Drewry Crossing', 'Krasnapollye', 'Belarus', 7405);
insert into [client] (id, firstname, lastname, email, phone, business, institute, address, city, country, postcode) values (21, 'Kore', 'Scuse', 'kscusek@instagram.com', '287-229-5729', null, 'Academy of Economics in Poznan', '7417 Mallard Drive', 'Koszyce Wielkie', 'Poland', 3916);
insert into [client] (id, firstname, lastname, email, phone, business, institute, address, city, country, postcode) values (22, 'Eleni', 'Morsey', 'emorseyl@pbs.org', '190-711-9661', null, null, '974 Dunning Lane', 'Regulice', 'Poland', 6374);
insert into [client] (id, firstname, lastname, email, phone, business, institute, address, city, country, postcode) values (23, 'Gennie', 'Quickfall', 'gquickfallm@usgs.gov', '510-525-2261', null, null, '976 Barnett Park', 'Kameda-honchō', 'Japan', 2519);
insert into [client] (id, firstname, lastname, email, phone, business, institute, address, city, country, postcode) values (24, 'Werner', 'Tallow', 'wtallown@home.pl', '459-841-1131', 'Halvorson Group', 'Universidad Cristiana de las Asambleas de Dios', '74663 Parkside Terrace', 'Santa Rosa de Lima', 'El Salvador', 1454);
insert into [client] (id, firstname, lastname, email, phone, business, institute, address, city, country, postcode) values (25, 'Lita', 'Hynard', 'lhynardo@blogger.com', '942-441-3226', null, 'Dares Salaam Institute of Technology', '2 Waxwing Place', 'Mtimbira', 'Tanzania', 8003);
insert into [client] (id, firstname, lastname, email, phone, business, institute, address, city, country, postcode) values (26, 'Aggi', 'Bleazard', 'ableazardp@google.co.jp', '776-572-1459', null, null, '3800 David Hill', 'Zagazig', 'Egypt', 9226);
insert into [client] (id, firstname, lastname, email, phone, business, institute, address, city, country, postcode) values (27, 'Shane', 'Catcheside', 'scatchesideq@cmu.edu', '135-654-8233', null, 'Université Sorbonne-Nouvelle (Paris III)', '03 Brickson Park Road', 'Paris 17', 'France', 2837);
insert into [client] (id, firstname, lastname, email, phone, business, institute, address, city, country, postcode) values (28, 'Welby', 'Spearett', 'wspearettr@imageshack.us', '196-846-8264', null, null, '553 Randy Pass', 'La Rochelle', 'France', 2763);
insert into [client] (id, firstname, lastname, email, phone, business, institute, address, city, country, postcode) values (29, 'Rutherford', 'Castanaga', 'rcastanagas@amazon.de', '934-528-6370', null, 'Universitas Islam Sultan Agung', '0642 Victoria Hill', 'Sidomekar', 'Indonesia', 2494);
insert into [client] (id, firstname, lastname, email, phone, business, institute, address, city, country, postcode) values (30, 'Jammie', 'Noddles', 'jnoddlest@tinypic.com', '264-863-1900', 'Reichert, Leannon and Thompson', 'Universitas Islam Sultan Agung', '778 Delladonna Way', 'Randusari', 'Indonesia', 5847);
insert into [client] (id, firstname, lastname, email, phone, business, institute, address, city, country, postcode) values (31, 'Cedric', 'Wolfenden', 'cwolfendenu@elpais.com', '776-269-8741', null, null, '61877 Derek Junction', 'Livadiya', 'Ukraine', 2661);
insert into [client] (id, firstname, lastname, email, phone, business, institute, address, city, country, postcode) values (32, 'Troy', 'Audus', 'taudusv@deliciousdays.com', '315-343-4389', null, 'Mahamakut Buddhist University', '1995 6th Avenue', 'Ban Thaen', 'Thailand', 2806);
insert into [client] (id, firstname, lastname, email, phone, business, institute, address, city, country, postcode) values (33, 'Ephraim', 'Emerine', 'eemerinew@usnews.com', '299-813-7300', 'Sauer Group', 'Universidad Católica de Honduras', '342 Banding Parkway', 'Oropéndolas', 'Honduras', 1425);
insert into [client] (id, firstname, lastname, email, phone, business, institute, address, city, country, postcode) values (34, 'Hetti', 'Northey', 'hnortheyx@friendfeed.com', '756-916-2284', 'Thiel Group', null, '85 Kropf Hill', 'Outeirô', 'Portugal', 1422);
insert into [client] (id, firstname, lastname, email, phone, business, institute, address, city, country, postcode) values (35, 'Gallard', 'Spurway', 'gspurwayy@zdnet.com', '600-927-0549', null, 'Muhimbili University of Health and Allied Sciences (MUHAS)', '84 Emmet Lane', 'Ngudu', 'Tanzania', 6986);
insert into [client] (id, firstname, lastname, email, phone, business, institute, address, city, country, postcode) values (36, 'Gan', 'Middlewick', 'gmiddlewickz@irs.gov', '355-679-9486', 'Schaefer and Sons', 'Universidad Metropolitana', '53 Roth Way', 'Gachalá', 'Colombia', 9904);
insert into [client] (id, firstname, lastname, email, phone, business, institute, address, city, country, postcode) values (37, 'Madelaine', 'Kobpac', 'mkobpac10@walmart.com', '474-651-7672', 'Dare-Baumbach', 'Universidad Privada Abierta Latinoamericana', '5 Dryden Lane', 'Pocpo', 'Bolivia', 5013);
insert into [client] (id, firstname, lastname, email, phone, business, institute, address, city, country, postcode) values (38, 'Cherilynn', 'Mayho', 'cmayho11@360.cn', '895-444-3528', null, null, '50 Mendota Alley', 'Palenggihan', 'Indonesia', 8816);
insert into [client] (id, firstname, lastname, email, phone, business, institute, address, city, country, postcode) values (39, 'Astrid', 'Gavini', 'agavini12@paypal.com', '411-918-9333', null, null, '0 Starling Point', 'Canto', 'Portugal', 2297);
insert into [client] (id, firstname, lastname, email, phone, business, institute, address, city, country, postcode) values (40, 'Claudian', 'Kleine', 'ckleine13@cbsnews.com', '107-741-4067', null, null, '360 Bellgrove Park', 'Čížkovice', 'Czech Republic', 6394);
insert into [client] (id, firstname, lastname, email, phone, business, institute, address, city, country, postcode) values (41, 'Deloria', 'Mac Giolla Pheadair', 'dmacgiollapheadair14@wisc.edu', '474-916-9300', 'Spinka, Lind and Johnson', null, '34567 Prairieview Alley', 'Alkmaar', 'Netherlands', 2173);
insert into [client] (id, firstname, lastname, email, phone, business, institute, address, city, country, postcode) values (42, 'Valma', 'Mertel', 'vmertel15@accuweather.com', '470-175-1335', null, null, '5 Monument Place', 'Kayan Hulu', 'Indonesia', 6391);
insert into [client] (id, firstname, lastname, email, phone, business, institute, address, city, country, postcode) values (43, 'Maren', 'Deevey', 'mdeevey16@mac.com', '373-448-1926', 'Batz, Dicki and Senger', 'Guangxi Traditional Chinese Medical University', '7 Oak Valley Junction', 'Dahe', 'China', 7288);
insert into [client] (id, firstname, lastname, email, phone, business, institute, address, city, country, postcode) values (44, 'Aubrette', 'Sieb', 'asieb17@jugem.jp', '998-283-6845', null, null, '2 2nd Drive', 'Kotanopan', 'Indonesia', 6922);
insert into [client] (id, firstname, lastname, email, phone, business, institute, address, city, country, postcode) values (45, 'Betsey', 'Broadbent', 'bbroadbent18@newsvine.com', '823-143-4862', null, 'Universitas Mahendradatta', '48034 Bonner Street', 'Cikulahan', 'Indonesia', 5112);
insert into [client] (id, firstname, lastname, email, phone, business, institute, address, city, country, postcode) values (46, 'Kiersten', 'Trim', 'ktrim19@dailymail.co.uk', '955-198-2100', null, 'Nanjing Normal University', '672 Elka Road', 'Dayangqi', 'China', 6607);
insert into [client] (id, firstname, lastname, email, phone, business, institute, address, city, country, postcode) values (47, 'Tommi', 'Robbel', 'trobbel1a@kickstarter.com', '348-500-0134', null, null, '4468 Dakota Crossing', 'Sishan', 'China', 1865);
insert into [client] (id, firstname, lastname, email, phone, business, institute, address, city, country, postcode) values (48, 'Britteny', 'Bonner', 'bbonner1b@webnode.com', '716-726-5543', null, null, '276 Cherokee Place', 'Santiago', 'Mexico', 4734);
insert into [client] (id, firstname, lastname, email, phone, business, institute, address, city, country, postcode) values (49, 'Cristy', 'McRae', 'cmcrae1c@moonfruit.com', '460-231-0280', 'Hermann and Sons', 'Universidade Camilo Castelo Branco', '737 Forest Dale Avenue', 'Nova Olímpia', 'Brazil', 9013);
insert into [client] (id, firstname, lastname, email, phone, business, institute, address, city, country, postcode) values (50, 'Axe', 'Burrow', 'aburrow1d@hexun.com', '133-696-5307', null, 'Universitas Muhammadiyah Sumatra Utara', '5145 Arizona Circle', 'Jumpangdua', 'Indonesia', 9489);
insert into [client] (id, firstname, lastname, email, phone, business, institute, address, city, country, postcode) values (51, 'Antoine', 'Pfeiffer', 'apfeiffer1e@theglobeandmail.com', '538-645-1905', null, null, '0 Main Drive', 'Jincun', 'China', 8304);
insert into [client] (id, firstname, lastname, email, phone, business, institute, address, city, country, postcode) values (52, 'Ruben', 'Massy', 'rmassy1f@multiply.com', '197-610-3400', 'Zulauf and Sons', null, '36 Fordem Circle', 'Tolkmicko', 'Poland', 1065);
insert into [client] (id, firstname, lastname, email, phone, business, institute, address, city, country, postcode) values (53, 'Tiebout', 'Upton', 'tupton1g@mapquest.com', '560-716-8150', 'Nitzsche Inc', null, '88 Summer Ridge Park', 'Kingston', 'New Zealand', 2667);
insert into [client] (id, firstname, lastname, email, phone, business, institute, address, city, country, postcode) values (54, 'Elisabet', 'Pedican', 'epedican1h@businessinsider.com', '842-556-1494', null, 'University of International Business and Economics', '6777 Northport Terrace', 'Longqiao', 'China', 7776);
insert into [client] (id, firstname, lastname, email, phone, business, institute, address, city, country, postcode) values (55, 'Josepha', 'Swinglehurst', 'jswinglehurst1i@cbslocal.com', '134-793-1102', null, null, '7214 Mccormick Street', 'Waerana', 'Indonesia', 4519);
insert into [client] (id, firstname, lastname, email, phone, business, institute, address, city, country, postcode) values (56, 'Crysta', 'Blumfield', 'cblumfield1j@php.net', '333-682-2881', 'Reynolds LLC', null, '1 Basil Lane', 'Putat Lor', 'Indonesia', 1413);
insert into [client] (id, firstname, lastname, email, phone, business, institute, address, city, country, postcode) values (57, 'Maighdiln', 'Egarr', 'megarr1k@google.fr', '775-443-9486', 'Brekke, Bauch and Zulauf', 'Catholic University of Lublin', '53 Fulton Road', 'Izbicko', 'Poland', 9865);
insert into [client] (id, firstname, lastname, email, phone, business, institute, address, city, country, postcode) values (58, 'Jourdain', 'Macbane', 'jmacbane1l@themeforest.net', '451-961-6055', null, null, '56217 Brown Center', 'El Ingenio', 'Peru', 2090);
insert into [client] (id, firstname, lastname, email, phone, business, institute, address, city, country, postcode) values (59, 'Hedy', 'Dongall', 'hdongall1m@latimes.com', '746-994-2995', null, null, '907 Caliangt Crossing', 'Ngarus', 'Indonesia', 4507);
insert into [client] (id, firstname, lastname, email, phone, business, institute, address, city, country, postcode) values (60, 'Amalie', 'Godmer', 'agodmer1n@cbc.ca', '347-874-2471', null, null, '31 Summer Ridge Alley', 'Ribeira', 'Portugal', 4569);
insert into [client] (id, firstname, lastname, email, phone, business, institute, address, city, country, postcode) values (61, 'Nicky', 'Arondel', 'narondel1o@businessinsider.com', '440-178-8064', null, 'Universitas Islam Nusantara', '967 Delladonna Plaza', 'Pondokkaha Kelod', 'Indonesia', 7586);
insert into [client] (id, firstname, lastname, email, phone, business, institute, address, city, country, postcode) values (62, 'Rona', 'Brodeau', 'rbrodeau1p@printfriendly.com', '451-280-0903', null, 'Hainan Normal University', '7 Towne Drive', 'Sangke', 'China', 8606);
insert into [client] (id, firstname, lastname, email, phone, business, institute, address, city, country, postcode) values (63, 'Nancy', 'Guttridge', 'nguttridge1q@phoca.cz', '365-963-6823', 'Pouros Inc', null, '22 Blue Bill Park Lane', 'Marcovia', 'Honduras', 2282);
insert into [client] (id, firstname, lastname, email, phone, business, institute, address, city, country, postcode) values (64, 'Sara-ann', 'Rembrant', 'srembrant1r@furl.net', '639-510-7314', 'Greenholt Inc', null, '89295 Roxbury Crossing', 'Circa', 'Peru', 1052);
insert into [client] (id, firstname, lastname, email, phone, business, institute, address, city, country, postcode) values (65, 'Maurice', 'Bratty', 'mbratty1s@huffingtonpost.com', '783-830-4098', null, 'University of Ibadan', '34 Sloan Street', 'Saki', 'Nigeria', 7518);
insert into [client] (id, firstname, lastname, email, phone, business, institute, address, city, country, postcode) values (66, 'Valerie', 'Manley', 'vmanley1t@wix.com', '928-618-0525', null, null, '28 Derek Avenue', 'Wang Noi', 'Thailand', 3039);
insert into [client] (id, firstname, lastname, email, phone, business, institute, address, city, country, postcode) values (67, 'Galven', 'Duffield', 'gduffield1u@biglobe.ne.jp', '581-155-6289', 'Goldner and Sons', 'Technical University of Koszalin', '7473 Golf Hill', 'Uścimów Stary', 'Poland', 2118);
insert into [client] (id, firstname, lastname, email, phone, business, institute, address, city, country, postcode) values (68, 'Brigitte', 'Rainy', 'brainy1v@miibeian.gov.cn', '985-883-3447', null, null, '35 Pennsylvania Center', 'Santa Maria Oliveira', 'Portugal', 1384);
insert into [client] (id, firstname, lastname, email, phone, business, institute, address, city, country, postcode) values (69, 'May', 'Coan', 'mcoan1w@nature.com', '878-493-2365', null, null, '5 Browning Alley', 'Zhaigang', 'China', 6238);
insert into [client] (id, firstname, lastname, email, phone, business, institute, address, city, country, postcode) values (70, 'Marlin', 'Glasebrook', 'mglasebrook1x@rambler.ru', '675-585-0537', null, null, '38762 Weeping Birch Road', 'Macatuba', 'Brazil', 3134);
insert into [client] (id, firstname, lastname, email, phone, business, institute, address, city, country, postcode) values (71, 'Kennan', 'Adamsky', 'kadamsky1y@google.com', '644-101-0617', null, null, '02 Graceland Parkway', 'Ngembel', 'Indonesia', 6378);
insert into [client] (id, firstname, lastname, email, phone, business, institute, address, city, country, postcode) values (72, 'Anatol', 'Nolin', 'anolin1z@eventbrite.com', '305-931-3491', null, 'Kaunas University of Technology', '36361 Service Trail', 'Birzai', 'Lithuania', 8995);
insert into [client] (id, firstname, lastname, email, phone, business, institute, address, city, country, postcode) values (73, 'Olivie', 'Stitch', 'ostitch20@chron.com', '481-794-9241', null, 'Manila Central University', '31 Towne Lane', 'Cortez', 'Philippines', 5206);
insert into [client] (id, firstname, lastname, email, phone, business, institute, address, city, country, postcode) values (74, 'Karry', 'Laven', 'klaven21@businesswire.com', '809-804-5673', null, 'Kandahar University', '62 Ramsey Terrace', 'Pārūn', 'Afghanistan', 7860);
insert into [client] (id, firstname, lastname, email, phone, business, institute, address, city, country, postcode) values (75, 'Aubrey', 'Whitehorn', 'awhitehorn22@alexa.com', '946-931-9778', 'Hermiston-Stiedemann', 'International University of Kyrgyzstan', '03 Morningstar Circle', 'At-Bashi', 'Kyrgyzstan', 7494);
insert into [client] (id, firstname, lastname, email, phone, business, institute, address, city, country, postcode) values (76, 'Alyson', 'Fontelles', 'afontelles23@army.mil', '724-509-7921', null, 'Instituto Superior de Psicologia Aplicada', '9 Erie Point', 'Lamas', 'Portugal', 7194);
insert into [client] (id, firstname, lastname, email, phone, business, institute, address, city, country, postcode) values (77, 'Callida', 'Hamor', 'chamor24@sciencedirect.com', '825-391-4699', 'Macejkovic, Runolfsdottir and Stamm', null, '72 Towne Circle', 'Alajuela', 'Costa Rica', 2391);
insert into [client] (id, firstname, lastname, email, phone, business, institute, address, city, country, postcode) values (78, 'Stephana', 'Bullard', 'sbullard25@netlog.com', '504-992-9651', null, 'Virgen Milagrosa University Foundation', '60 Buhler Street', 'Abangay', 'Philippines', 2596);
insert into [client] (id, firstname, lastname, email, phone, business, institute, address, city, country, postcode) values (79, 'Marlena', 'Rathmell', 'mrathmell26@mlb.com', '941-358-9701', null, 'Fujian University of Traditional Chinese Medicine', '62 Brown Court', 'Baiqi', 'China', 6473);
insert into [client] (id, firstname, lastname, email, phone, business, institute, address, city, country, postcode) values (80, 'Engelbert', 'Bonifant', 'ebonifant27@prweb.com', '594-127-2858', null, null, '7 Oakridge Point', 'Komi', 'Indonesia', 8350);
insert into [client] (id, firstname, lastname, email, phone, business, institute, address, city, country, postcode) values (81, 'Nevin', 'Hucquart', 'nhucquart28@pbs.org', '673-359-6415', null, null, '586 Fair Oaks Hill', 'Batabanó', 'Cuba', 5788);
insert into [client] (id, firstname, lastname, email, phone, business, institute, address, city, country, postcode) values (82, 'Davis', 'Coverly', 'dcoverly29@weebly.com', '162-175-9174', null, null, '2054 Fairfield Trail', 'Al Maşdūr', 'Tunisia', 4648);
insert into [client] (id, firstname, lastname, email, phone, business, institute, address, city, country, postcode) values (83, 'Caron', 'Stapforth', 'cstapforth2a@ehow.com', '914-966-5617', null, 'Pyongyang University of Science and Technology', '489 Manufacturers Center', 'Sinŭiju', 'North Korea', 6315);
insert into [client] (id, firstname, lastname, email, phone, business, institute, address, city, country, postcode) values (84, 'Salaidh', 'Swindells', 'sswindells2b@oaic.gov.au', '148-151-9665', null, 'Bethlehem University', '78630 Fair Oaks Court', 'Al ‘Ayzarīyah', 'Palestinian Territory', 7568);
insert into [client] (id, firstname, lastname, email, phone, business, institute, address, city, country, postcode) values (85, 'Layney', 'Headly', 'lheadly2c@drupal.org', '561-711-3332', 'Gusikowski LLC', 'City University Programs in Bulgaria ', '647 Riverside Street', 'Kŭrdzhali', 'Bulgaria', 1700);
insert into [client] (id, firstname, lastname, email, phone, business, institute, address, city, country, postcode) values (86, 'Margo', 'Confait', 'mconfait2d@oaic.gov.au', '514-685-6071', null, null, '269 Bultman Avenue', 'Lozova', 'Ukraine', 7902);
insert into [client] (id, firstname, lastname, email, phone, business, institute, address, city, country, postcode) values (87, 'Paco', 'Bawcock', 'pbawcock2e@patch.com', '751-267-1942', null, 'St. Petersburg State Chemical Pharmaceutical Academy', '00401 Warrior Terrace', 'Ishimbay', 'Russia', 5681);
insert into [client] (id, firstname, lastname, email, phone, business, institute, address, city, country, postcode) values (88, 'Anissa', 'Chaster', 'achaster2f@51.la', '192-125-7320', 'Pollich Inc', null, '20 Leroy Point', 'Pregrada', 'Croatia', 2664);
insert into [client] (id, firstname, lastname, email, phone, business, institute, address, city, country, postcode) values (89, 'Tessa', 'Mengue', 'tmengue2g@jugem.jp', '506-231-0793', null, 'Escola Superior de Artes e Design', '199 Victoria Pass', 'Fraga', 'Portugal', 1346);
insert into [client] (id, firstname, lastname, email, phone, business, institute, address, city, country, postcode) values (90, 'Hi', 'Arthur', 'harthur2h@soundcloud.com', '206-757-4618', 'Ritchie Group', null, '8 Namekagon Trail', 'Auriflama', 'Brazil', 2995);
insert into [client] (id, firstname, lastname, email, phone, business, institute, address, city, country, postcode) values (91, 'Seymour', 'Seeler', 'sseeler2i@nyu.edu', '955-893-9661', null, null, '225 Mockingbird Hill', 'Huangling', 'China', 5882);
insert into [client] (id, firstname, lastname, email, phone, business, institute, address, city, country, postcode) values (92, 'Aldridge', 'Oglevie', 'aoglevie2j@moonfruit.com', '118-250-4399', null, null, '9 Butternut Parkway', 'Catalão', 'Brazil', 6173);
insert into [client] (id, firstname, lastname, email, phone, business, institute, address, city, country, postcode) values (93, 'Ringo', 'Bewshire', 'rbewshire2k@msn.com', '506-434-7568', null, null, '8 Elgar Terrace', 'Río Campo', 'Equatorial Guinea', 3716);
insert into [client] (id, firstname, lastname, email, phone, business, institute, address, city, country, postcode) values (94, 'Jennifer', 'Keijser', 'jkeijser2l@cloudflare.com', '123-554-3258', 'Daniel LLC', 'Universidad La Salle', '43 Sundown Way', 'La Cruz', 'Mexico', 4118);
insert into [client] (id, firstname, lastname, email, phone, business, institute, address, city, country, postcode) values (95, 'Nydia', 'Worters', 'nworters2m@drupal.org', '359-189-1849', 'Predovic-Hane', null, '46374 Twin Pines Avenue', 'Cuiabá', 'Brazil', 4531);
insert into [client] (id, firstname, lastname, email, phone, business, institute, address, city, country, postcode) values (96, 'Georgie', 'O''Sheeryne', 'gosheeryne2n@mlb.com', '848-871-0236', null, null, '40 Lunder Trail', 'Ngluwuk', 'Indonesia', 4698);
insert into [client] (id, firstname, lastname, email, phone, business, institute, address, city, country, postcode) values (97, 'Carmine', 'Poulden', 'cpoulden2o@jalbum.net', '943-722-3819', null, 'Universitas Terbuka Indonesia', '86 Atwood Crossing', 'Bagu', 'Indonesia', 5522);
insert into [client] (id, firstname, lastname, email, phone, business, institute, address, city, country, postcode) values (98, 'Franklin', 'O''Cullinane', 'focullinane2p@biblegateway.com', '783-817-0972', null, 'Instituto Politécnico de Viana do Castelo', '2207 Graedel Plaza', 'Estrada', 'Portugal', 4299);
insert into [client] (id, firstname, lastname, email, phone, business, institute, address, city, country, postcode) values (99, 'Victoria', 'Axten', 'vaxten2q@bbb.org', '727-906-7366', null, 'Nanjing University of Science and Technology', '2 Mariners Cove Junction', 'Yingcui', 'China', 6211);
insert into [client] (id, firstname, lastname, email, phone, business, institute, address, city, country, postcode) values (100, 'Bren', 'Muglestone', 'bmuglestone2r@usgs.gov', '947-619-1192', 'Schneider Group', 'Universitas Gadjah Mada', '17 Alpine Alley', 'Banjar Tengah', 'Indonesia', 6049);
SET IDENTITY_INSERT [Client] OFF;
-- Employee Profile
SET IDENTITY_INSERT [Employee Profile] on;
insert into [Employee Profile] (id, firstname, lastname, email, phone) values (1, 'Silvan', 'Cesaric', 'scesaric0@spotify.com', '904-722-0610');
insert into [Employee Profile] (id, firstname, lastname, email, phone) values (2, 'Darren', 'Arens', 'darens1@ebay.com', '537-950-4294');
insert into [Employee Profile] (id, firstname, lastname, email, phone) values (3, 'Corny', 'Boyford', 'cboyford2@illinois.edu', '501-304-1100');
insert into [Employee Profile] (id, firstname, lastname, email, phone) values (4, 'Eunice', 'Ladbrook', 'eladbrook3@telegraph.co.uk', '501-824-1438');
insert into [Employee Profile] (id, firstname, lastname, email, phone) values (5, 'Delbert', 'Eyeington', 'deyeington4@nba.com', '367-548-0277');
insert into [Employee Profile] (id, firstname, lastname, email, phone) values (6, 'Minne', 'Lowerson', 'mlowerson5@cocolog-nifty.com', '471-825-8573');
insert into [Employee Profile] (id, firstname, lastname, email, phone) values (7, 'Bettye', 'Sustins', 'bsustins6@amazon.de', '403-468-1354');
insert into [Employee Profile] (id, firstname, lastname, email, phone) values (8, 'Palm', 'Brumbie', 'pbrumbie7@mlb.com', '935-204-9878');
insert into [Employee Profile] (id, firstname, lastname, email, phone) values (9, 'Wylie', 'Fenck', 'wfenck8@squarespace.com', '414-325-5771');
insert into [Employee Profile] (id, firstname, lastname, email, phone) values (10, 'Consalve', 'Callf', 'ccallf9@npr.org', '194-682-4397');
insert into [Employee Profile] (id, firstname, lastname, email, phone) values (11, 'Derril', 'Duckers', 'dduckersa@eepurl.com', '719-241-3309');
insert into [Employee Profile] (id, firstname, lastname, email, phone) values (12, 'Ailey', 'Castagneri', 'acastagnerib@ucla.edu', '221-260-0669');
insert into [Employee Profile] (id, firstname, lastname, email, phone) values (13, 'Joby', 'Netherclift', 'jnethercliftc@gravatar.com', '650-306-3486');
insert into [Employee Profile] (id, firstname, lastname, email, phone) values (14, 'Papagena', 'Benettini', 'pbenettinid@ezinearticles.com', '307-461-9520');
insert into [Employee Profile] (id, firstname, lastname, email, phone) values (15, 'Polly', 'Grimmett', 'pgrimmette@vkontakte.ru', '475-453-7358');
insert into [Employee Profile] (id, firstname, lastname, email, phone) values (16, 'Stefania', 'Bosma', 'sbosmaf@issuu.com', '152-233-9584');
insert into [Employee Profile] (id, firstname, lastname, email, phone) values (17, 'Jereme', 'Silversmid', 'jsilversmidg@adobe.com', '723-863-5787');
insert into [Employee Profile] (id, firstname, lastname, email, phone) values (18, 'Ralf', 'Keepence', 'rkeepenceh@tamu.edu', '898-229-7438');
insert into [Employee Profile] (id, firstname, lastname, email, phone) values (19, 'Ashlan', 'Hehl', 'ahehli@oracle.com', '751-276-8935');
insert into [Employee Profile] (id, firstname, lastname, email, phone) values (20, 'Courtnay', 'Dewbury', 'cdewburyj@google.com.br', '673-754-2807');
insert into [Employee Profile] (id, firstname, lastname, email, phone) values (21, 'Charla', 'Dwine', 'cdwinek@biglobe.ne.jp', '736-665-4093');
insert into [Employee Profile] (id, firstname, lastname, email, phone) values (22, 'Aurie', 'Habbon', 'ahabbonl@biglobe.ne.jp', '896-548-3439');
insert into [Employee Profile] (id, firstname, lastname, email, phone) values (23, 'Saw', 'Philbin', 'sphilbinm@friendfeed.com', '265-235-2637');
insert into [Employee Profile] (id, firstname, lastname, email, phone) values (24, 'Rowe', 'Elbourne', 'relbournen@twitpic.com', '624-660-4635');
insert into [Employee Profile] (id, firstname, lastname, email, phone) values (25, 'Torrie', 'Tumioto', 'ttumiotoo@apple.com', '379-215-8729');
insert into [Employee Profile] (id, firstname, lastname, email, phone) values (26, 'Giselbert', 'Knevet', 'gknevetp@rediff.com', '530-713-2213');
insert into [Employee Profile] (id, firstname, lastname, email, phone) values (27, 'Wilhelm', 'McFie', 'wmcfieq@nydailynews.com', '430-767-0478');
insert into [Employee Profile] (id, firstname, lastname, email, phone) values (28, 'Harrie', 'Stubbington', 'hstubbingtonr@noaa.gov', '968-210-3263');
insert into [Employee Profile] (id, firstname, lastname, email, phone) values (29, 'Mikael', 'Charer', 'mcharers@squarespace.com', '850-900-5280');
insert into [Employee Profile] (id, firstname, lastname, email, phone) values (30, 'Garfield', 'Lucien', 'glucient@imageshack.us', '405-841-4863');
insert into [Employee Profile] (id, firstname, lastname, email, phone) values (31, 'Merell', 'Hacard', 'mhacardu@trellian.com', '151-241-4144');
insert into [Employee Profile] (id, firstname, lastname, email, phone) values (32, 'Ameline', 'Wibrew', 'awibrewv@ucoz.com', '240-258-4583');
insert into [Employee Profile] (id, firstname, lastname, email, phone) values (33, 'Sib', 'Smiz', 'ssmizw@behance.net', '945-956-7472');
insert into [Employee Profile] (id, firstname, lastname, email, phone) values (34, 'Morgan', 'Elie', 'meliex@sphinn.com', '606-306-1065');
insert into [Employee Profile] (id, firstname, lastname, email, phone) values (35, 'Quent', 'Frangello', 'qfrangelloy@umn.edu', '229-144-2341');
insert into [Employee Profile] (id, firstname, lastname, email, phone) values (36, 'Rebecka', 'Seabright', 'rseabrightz@state.tx.us', '557-425-4352');
insert into [Employee Profile] (id, firstname, lastname, email, phone) values (37, 'Christian', 'Penritt', 'cpenritt10@discuz.net', '814-159-7946');
insert into [Employee Profile] (id, firstname, lastname, email, phone) values (38, 'Bonnee', 'Boarleyson', 'bboarleyson11@baidu.com', '425-360-0537');
insert into [Employee Profile] (id, firstname, lastname, email, phone) values (39, 'Jennie', 'Pashen', 'jpashen12@imageshack.us', '523-456-3252');
insert into [Employee Profile] (id, firstname, lastname, email, phone) values (40, 'Glenine', 'Zink', 'gzink13@trellian.com', '551-150-6281');
insert into [Employee Profile] (id, firstname, lastname, email, phone) values (41, 'Haily', 'Hoxey', 'hhoxey14@issuu.com', '304-436-7198');
insert into [Employee Profile] (id, firstname, lastname, email, phone) values (42, 'Jethro', 'Buckoke', 'jbuckoke15@diigo.com', '306-243-9291');
insert into [Employee Profile] (id, firstname, lastname, email, phone) values (43, 'Whitby', 'Baton', 'wbaton16@privacy.gov.au', '367-362-1784');
insert into [Employee Profile] (id, firstname, lastname, email, phone) values (44, 'Hetty', 'McGurn', 'hmcgurn17@yale.edu', '950-272-4741');
insert into [Employee Profile] (id, firstname, lastname, email, phone) values (45, 'Deeann', 'Coxall', 'dcoxall18@timesonline.co.uk', '533-688-3381');
insert into [Employee Profile] (id, firstname, lastname, email, phone) values (46, 'Eduard', 'Boughton', 'eboughton19@ask.com', '838-627-5938');
insert into [Employee Profile] (id, firstname, lastname, email, phone) values (47, 'Iggy', 'Joselevitch', 'ijoselevitch1a@archive.org', '106-986-3676');
insert into [Employee Profile] (id, firstname, lastname, email, phone) values (48, 'Raimund', 'Pursglove', 'rpursglove1b@comsenz.com', '276-291-1271');
insert into [Employee Profile] (id, firstname, lastname, email, phone) values (49, 'Heidi', 'Grinsted', 'hgrinsted1c@fc2.com', '983-333-5041');
insert into [Employee Profile] (id, firstname, lastname, email, phone) values (50, 'Felicia', 'Hryniewicz', 'fhryniewicz1d@creativecommons.org', '443-558-8410');
insert into [Employee Profile] (id, firstname, lastname, email, phone) values (51, 'Ruthann', 'Lapenna', 'rlapenna1e@histats.com', '860-269-1679');
insert into [Employee Profile] (id, firstname, lastname, email, phone) values (52, 'Inga', 'Fellnee', 'ifellnee1f@behance.net', '698-153-3257');
insert into [Employee Profile] (id, firstname, lastname, email, phone) values (53, 'Filberto', 'Walster', 'fwalster1g@ameblo.jp', '910-754-6261');
insert into [Employee Profile] (id, firstname, lastname, email, phone) values (54, 'Pepito', 'Lafaye', 'plafaye1h@nih.gov', '815-726-2337');
insert into [Employee Profile] (id, firstname, lastname, email, phone) values (55, 'Leeanne', 'Rubrow', 'lrubrow1i@guardian.co.uk', '762-501-6339');
insert into [Employee Profile] (id, firstname, lastname, email, phone) values (56, 'Emmie', 'Manifold', 'emanifold1j@admin.ch', '813-967-6427');
insert into [Employee Profile] (id, firstname, lastname, email, phone) values (57, 'Tomi', 'Elfe', 'telfe1k@posterous.com', '601-103-4574');
insert into [Employee Profile] (id, firstname, lastname, email, phone) values (58, 'Cristal', 'Allabarton', 'callabarton1l@ebay.co.uk', '255-101-2556');
insert into [Employee Profile] (id, firstname, lastname, email, phone) values (59, 'Lorna', 'Mebes', 'lmebes1m@digg.com', '685-273-6952');
insert into [Employee Profile] (id, firstname, lastname, email, phone) values (60, 'Helena', 'Lowater', 'hlowater1n@google.cn', '235-520-9985');
insert into [Employee Profile] (id, firstname, lastname, email, phone) values (61, 'Drusie', 'Erwin', 'derwin1o@patch.com', '490-241-5749');
insert into [Employee Profile] (id, firstname, lastname, email, phone) values (62, 'Tadeo', 'Rydzynski', 'trydzynski1p@macromedia.com', '787-625-7829');
insert into [Employee Profile] (id, firstname, lastname, email, phone) values (63, 'Matilde', 'Bossingham', 'mbossingham1q@posterous.com', '701-123-5352');
insert into [Employee Profile] (id, firstname, lastname, email, phone) values (64, 'Flori', 'Cars', 'fcars1r@macromedia.com', '508-370-6869');
insert into [Employee Profile] (id, firstname, lastname, email, phone) values (65, 'Kirsti', 'Whewill', 'kwhewill1s@cornell.edu', '335-532-9289');
insert into [Employee Profile] (id, firstname, lastname, email, phone) values (66, 'Heida', 'Houtbie', 'hhoutbie1t@theguardian.com', '158-997-9585');
insert into [Employee Profile] (id, firstname, lastname, email, phone) values (67, 'Lucias', 'Habron', 'lhabron1u@prweb.com', '393-671-5301');
insert into [Employee Profile] (id, firstname, lastname, email, phone) values (68, 'Melody', 'Fylan', 'mfylan1v@freewebs.com', '736-566-6470');
insert into [Employee Profile] (id, firstname, lastname, email, phone) values (69, 'Chloe', 'Von Der Empten', 'cvonderempten1w@mail.ru', '402-163-2069');
insert into [Employee Profile] (id, firstname, lastname, email, phone) values (70, 'Deni', 'Joblin', 'djoblin1x@bloglovin.com', '737-728-7764');
insert into [Employee Profile] (id, firstname, lastname, email, phone) values (71, 'Ewen', 'Surridge', 'esurridge1y@wunderground.com', '136-662-4078');
insert into [Employee Profile] (id, firstname, lastname, email, phone) values (72, 'Faun', 'Pelham', 'fpelham1z@about.com', '942-216-4565');
insert into [Employee Profile] (id, firstname, lastname, email, phone) values (73, 'Marlee', 'Bestwerthick', 'mbestwerthick20@discovery.com', '734-642-4984');
insert into [Employee Profile] (id, firstname, lastname, email, phone) values (74, 'Giff', 'Cackett', 'gcackett21@hostgator.com', '152-639-0500');
insert into [Employee Profile] (id, firstname, lastname, email, phone) values (75, 'Roana', 'Suggett', 'rsuggett22@topsy.com', '288-415-6767');
insert into [Employee Profile] (id, firstname, lastname, email, phone) values (76, 'Genovera', 'Elves', 'gelves23@shinystat.com', '153-953-7158');
insert into [Employee Profile] (id, firstname, lastname, email, phone) values (77, 'Danice', 'Deegin', 'ddeegin24@about.com', '470-206-6085');
insert into [Employee Profile] (id, firstname, lastname, email, phone) values (78, 'Stanwood', 'Maddy', 'smaddy25@themeforest.net', '693-579-9905');
insert into [Employee Profile] (id, firstname, lastname, email, phone) values (79, 'Paulina', 'Eva', 'peva26@sourceforge.net', '931-186-4449');
insert into [Employee Profile] (id, firstname, lastname, email, phone) values (80, 'Frannie', 'Ingham', 'fingham27@google.ru', '572-936-8303');
insert into [Employee Profile] (id, firstname, lastname, email, phone) values (81, 'Kimberlee', 'Dougherty', 'kdougherty28@google.de', '707-709-5040');
insert into [Employee Profile] (id, firstname, lastname, email, phone) values (82, 'Dottie', 'Gennings', 'dgennings29@wunderground.com', '227-408-2255');
insert into [Employee Profile] (id, firstname, lastname, email, phone) values (83, 'Katharine', 'Mabb', 'kmabb2a@unesco.org', '618-729-8191');
insert into [Employee Profile] (id, firstname, lastname, email, phone) values (84, 'Tisha', 'Bloy', 'tbloy2b@apple.com', '126-199-4323');
insert into [Employee Profile] (id, firstname, lastname, email, phone) values (85, 'Brigida', 'Duckerin', 'bduckerin2c@yale.edu', '569-621-4793');
insert into [Employee Profile] (id, firstname, lastname, email, phone) values (86, 'Gayler', 'Inder', 'ginder2d@google.co.uk', '592-134-1706');
insert into [Employee Profile] (id, firstname, lastname, email, phone) values (87, 'Thorny', 'Quakley', 'tquakley2e@jugem.jp', '259-255-3306');
insert into [Employee Profile] (id, firstname, lastname, email, phone) values (88, 'Minnaminnie', 'Maccaig', 'mmaccaig2f@symantec.com', '584-975-3478');
insert into [Employee Profile] (id, firstname, lastname, email, phone) values (89, 'Nobie', 'Ruscoe', 'nruscoe2g@latimes.com', '499-730-1446');
insert into [Employee Profile] (id, firstname, lastname, email, phone) values (90, 'Ryann', 'Hobbing', 'rhobbing2h@fotki.com', '111-812-9996');
insert into [Employee Profile] (id, firstname, lastname, email, phone) values (91, 'Cornall', 'Tripett', 'ctripett2i@geocities.jp', '496-242-3780');
insert into [Employee Profile] (id, firstname, lastname, email, phone) values (92, 'Vail', 'Ure', 'vure2j@ted.com', '690-174-8648');
insert into [Employee Profile] (id, firstname, lastname, email, phone) values (93, 'Curtis', 'Pringer', 'cpringer2k@yahoo.com', '469-941-9966');
insert into [Employee Profile] (id, firstname, lastname, email, phone) values (94, 'Nonnah', 'McNeely', 'nmcneely2l@mysql.com', '435-337-0215');
insert into [Employee Profile] (id, firstname, lastname, email, phone) values (95, 'Alica', 'Stannah', 'astannah2m@guardian.co.uk', '641-838-1577');
insert into [Employee Profile] (id, firstname, lastname, email, phone) values (96, 'Rafa', 'Wiffler', 'rwiffler2n@webmd.com', '332-854-8560');
insert into [Employee Profile] (id, firstname, lastname, email, phone) values (97, 'Kath', 'Bickardike', 'kbickardike2o@theguardian.com', '905-966-9025');
insert into [Employee Profile] (id, firstname, lastname, email, phone) values (98, 'Francois', 'Sinkin', 'fsinkin2p@wunderground.com', '179-161-0642');
insert into [Employee Profile] (id, firstname, lastname, email, phone) values (99, 'Wallace', 'Berrow', 'wberrow2q@msu.edu', '963-996-9528');
insert into [Employee Profile] (id, firstname, lastname, email, phone) values (100, 'Edmund', 'Godly', 'egodly2r@blogs.com', '543-686-6043');
insert into [Employee Profile] (id, firstname, lastname, email, phone) values (101, 'Aeriela', 'Hadgraft', 'ahadgraft0@simplemachines.org', '314-965-8615');
insert into [Employee Profile] (id, firstname, lastname, email, phone) values (102, 'Oswald', 'Ventham', 'oventham1@slideshare.net', '398-295-3142');
insert into [Employee Profile] (id, firstname, lastname, email, phone) values (103, 'Gaylor', 'Blanking', 'gblanking2@mtv.com', '175-272-3427');
insert into [Employee Profile] (id, firstname, lastname, email, phone) values (104, 'Amberly', 'Bradberry', 'abradberry3@123-reg.co.uk', '280-333-3688');
insert into [Employee Profile] (id, firstname, lastname, email, phone) values (105, 'Jud', 'Plunket', 'jplunket4@nps.gov', '453-393-1531');
insert into [Employee Profile] (id, firstname, lastname, email, phone) values (106, 'Conny', 'Sherman', 'csherman5@cmu.edu', '763-942-8285');
insert into [Employee Profile] (id, firstname, lastname, email, phone) values (107, 'Miranda', 'Wilds', 'mwilds6@jimdo.com', '514-145-9887');
insert into [Employee Profile] (id, firstname, lastname, email, phone) values (108, 'Juan', 'Bruckstein', 'jbruckstein7@sciencedirect.com', '778-750-4505');
insert into [Employee Profile] (id, firstname, lastname, email, phone) values (109, 'Gottfried', 'Fitchell', 'gfitchell8@foxnews.com', '386-182-7647');
insert into [Employee Profile] (id, firstname, lastname, email, phone) values (110, 'Sheila-kathryn', 'Haruard', 'sharuard9@gravatar.com', '726-969-6999');
insert into [Employee Profile] (id, firstname, lastname, email, phone) values (111, 'Connie', 'Jirik', 'cjirika@goo.gl', '409-221-8598');
insert into [Employee Profile] (id, firstname, lastname, email, phone) values (112, 'Erny', 'Bernardes', 'ebernardesb@dedecms.com', '531-368-1921');
insert into [Employee Profile] (id, firstname, lastname, email, phone) values (113, 'Walton', 'Girodias', 'wgirodiasc@biglobe.ne.jp', '186-688-7813');
insert into [Employee Profile] (id, firstname, lastname, email, phone) values (114, 'Bambi', 'Byrch', 'bbyrchd@ucoz.com', '373-938-4044');
insert into [Employee Profile] (id, firstname, lastname, email, phone) values (115, 'Sara', 'Ringrose', 'sringrosee@wp.com', '276-702-9607');
insert into [Employee Profile] (id, firstname, lastname, email, phone) values (116, 'Justine', 'Pantone', 'jpantonef@nymag.com', '144-189-8402');
insert into [Employee Profile] (id, firstname, lastname, email, phone) values (117, 'Dante', 'McChesney', 'dmcchesneyg@mac.com', '242-191-5287');
insert into [Employee Profile] (id, firstname, lastname, email, phone) values (118, 'Clemente', 'Gooder', 'cgooderh@tripadvisor.com', '773-382-6190');
insert into [Employee Profile] (id, firstname, lastname, email, phone) values (119, 'Renata', 'O''Toole', 'rotoolei@answers.com', '366-760-2512');
insert into [Employee Profile] (id, firstname, lastname, email, phone) values (120, 'Blair', 'Lauga', 'blaugaj@ebay.co.uk', '668-241-1292');
insert into [Employee Profile] (id, firstname, lastname, email, phone) values (121, 'Jess', 'Lamberti', 'jlambertik@disqus.com', '770-686-1448');
insert into [Employee Profile] (id, firstname, lastname, email, phone) values (122, 'Abbe', 'Camelli', 'acamellil@zimbio.com', '713-822-0833');
insert into [Employee Profile] (id, firstname, lastname, email, phone) values (123, 'Ingebjorn', 'Hrafnarsdottir', 'storebjorn@ivarstead.co.ic', '234-573-1353');
insert into [Employee Profile] (id, firstname, lastname, email, phone) values (124, 'Suzette', 'Harling', 'sharlingm@usa.gov', '775-447-7603');
insert into [Employee Profile] (id, firstname, lastname, email, phone) values (125, 'Rutger', 'Skipton', 'rskiptonn@imdb.com', '278-658-8868');
insert into [Employee Profile] (id, firstname, lastname, email, phone) values (126, 'Joete', 'Orrobin', 'jorrobino@wufoo.com', '903-134-0224');
insert into [Employee Profile] (id, firstname, lastname, email, phone) values (127, 'Chad', 'Piolli', 'cpiollip@pbs.org', '178-100-1234');
insert into [Employee Profile] (id, firstname, lastname, email, phone) values (128, 'Jemmy', 'Lindback', 'jlindbackq@wired.com', '870-900-0456');
insert into [Employee Profile] (id, firstname, lastname, email, phone) values (129, 'Kendricks', 'Garritley', 'kgarritleyr@netlog.com', '109-607-7714');
insert into [Employee Profile] (id, firstname, lastname, email, phone) values (130, 'Darby', 'Lilburn', 'dlilburns@mac.com', '156-189-5467');
insert into [Employee Profile] (id, firstname, lastname, email, phone) values (131, 'Valery', 'Gabel', 'vgabelt@mit.edu', '885-783-2100');
insert into [Employee Profile] (id, firstname, lastname, email, phone) values (132, 'Lise', 'Prew', 'lprewu@gravatar.com', '674-604-0115');
insert into [Employee Profile] (id, firstname, lastname, email, phone) values (133, 'Blanca', 'Gligori', 'bgligoriv@mysql.com', '476-791-4991');
insert into [Employee Profile] (id, firstname, lastname, email, phone) values (134, 'Robbie', 'Vickar', 'rvickarw@ebay.com', '777-441-4840');
insert into [Employee Profile] (id, firstname, lastname, email, phone) values (135, 'Lorain', 'Potter', 'lpotterx@amazon.de', '836-649-0935');
insert into [Employee Profile] (id, firstname, lastname, email, phone) values (136, 'Kimberli', 'Tow', 'ktowy@ustream.tv', '105-186-7062');
insert into [Employee Profile] (id, firstname, lastname, email, phone) values (137, 'Tybi', 'Johann', 'tjohannz@goodreads.com', '280-307-1322');
insert into [Employee Profile] (id, firstname, lastname, email, phone) values (138, 'Pattin', 'Fosher', 'pfosher10@huffingtonpost.com', '650-308-4678');
insert into [Employee Profile] (id, firstname, lastname, email, phone) values (139, 'Abran', 'Haggus', 'ahaggus11@stumbleupon.com', '203-649-5160');
insert into [Employee Profile] (id, firstname, lastname, email, phone) values (140, 'Lilllie', 'Oldford', 'loldford12@ifeng.com', '492-516-7775');
insert into [Employee Profile] (id, firstname, lastname, email, phone) values (141, 'Becca', 'Sandbach', 'bsandbach13@samsung.com', '263-910-7728');
insert into [Employee Profile] (id, firstname, lastname, email, phone) values (142, 'Trstram', 'Proudlove', 'tproudlove14@ameblo.jp', '501-947-9692');
insert into [Employee Profile] (id, firstname, lastname, email, phone) values (143, 'Jo', 'Bytheway', 'jbytheway15@com.com', '971-502-6023');
insert into [Employee Profile] (id, firstname, lastname, email, phone) values (144, 'Ralph', 'Le feaver', 'rlefeaver16@unicef.org', '628-643-8879');
insert into [Employee Profile] (id, firstname, lastname, email, phone) values (145, 'Kial', 'Dummer', 'kdummer17@odnoklassniki.ru', '219-849-3110');
insert into [Employee Profile] (id, firstname, lastname, email, phone) values (146, 'Doretta', 'Farnall', 'dfarnall18@wikispaces.com', '303-333-1315');
insert into [Employee Profile] (id, firstname, lastname, email, phone) values (147, 'Nicky', 'Chaffer', 'nchaffer19@wsj.com', '914-696-9618');
insert into [Employee Profile] (id, firstname, lastname, email, phone) values (148, 'Krishnah', 'Chappel', 'kchappel1a@cnet.com', '483-297-3267');
insert into [Employee Profile] (id, firstname, lastname, email, phone) values (149, 'Jo-anne', 'Mullins', 'jmullins1b@uol.com.br', '981-277-4567');
insert into [Employee Profile] (id, firstname, lastname, email, phone) values (150, 'Freida', 'Thorley', 'fthorley1c@canalblog.com', '287-221-0609');
SET IDENTITY_INSERT [Employee Profile] OFF;
-- Executive Admin
insert into [Executive Admin] (EmployeeProfileid) values (1);
insert into [Executive Admin] (EmployeeProfileid) values (2);
insert into [Executive Admin] (EmployeeProfileid) values (3);
insert into [Executive Admin] (EmployeeProfileid) values (4);
insert into [Executive Admin] (EmployeeProfileid) values (5);
insert into [Executive Admin] (EmployeeProfileid) values (6);
insert into [Executive Admin] (EmployeeProfileid) values (7);
insert into [Executive Admin] (EmployeeProfileid) values (8);
insert into [Executive Admin] (EmployeeProfileid) values (9);
insert into [Executive Admin] (EmployeeProfileid) values (10);
insert into [Executive Admin] (EmployeeProfileid) values (11);
insert into [Executive Admin] (EmployeeProfileid) values (12);
insert into [Executive Admin] (EmployeeProfileid) values (13);
insert into [Executive Admin] (EmployeeProfileid) values (14);
insert into [Executive Admin] (EmployeeProfileid) values (15);
insert into [Executive Admin] (EmployeeProfileid) values (16);
insert into [Executive Admin] (EmployeeProfileid) values (17);
insert into [Executive Admin] (EmployeeProfileid) values (18);
insert into [Executive Admin] (EmployeeProfileid) values (19);
insert into [Executive Admin] (EmployeeProfileid) values (20);
insert into [Executive Admin] (EmployeeProfileid) values (21);
insert into [Executive Admin] (EmployeeProfileid) values (22);
insert into [Executive Admin] (EmployeeProfileid) values (23);
insert into [Executive Admin] (EmployeeProfileid) values (24);
insert into [Executive Admin] (EmployeeProfileid) values (25);
insert into [Executive Admin] (EmployeeProfileid) values (26);
insert into [Executive Admin] (EmployeeProfileid) values (27);
insert into [Executive Admin] (EmployeeProfileid) values (28);
insert into [Executive Admin] (EmployeeProfileid) values (29);
insert into [Executive Admin] (EmployeeProfileid) values (30);
insert into [Executive Admin] (EmployeeProfileid) values (31);
insert into [Executive Admin] (EmployeeProfileid) values (32);
insert into [Executive Admin] (EmployeeProfileid) values (33);
insert into [Executive Admin] (EmployeeProfileid) values (34);
insert into [Executive Admin] (EmployeeProfileid) values (35);
insert into [Executive Admin] (EmployeeProfileid) values (36);
insert into [Executive Admin] (EmployeeProfileid) values (37);
insert into [Executive Admin] (EmployeeProfileid) values (38);
insert into [Executive Admin] (EmployeeProfileid) values (39);
insert into [Executive Admin] (EmployeeProfileid) values (40);
insert into [Executive Admin] (EmployeeProfileid) values (41);
insert into [Executive Admin] (EmployeeProfileid) values (42);
insert into [Executive Admin] (EmployeeProfileid) values (43);
insert into [Executive Admin] (EmployeeProfileid) values (44);
insert into [Executive Admin] (EmployeeProfileid) values (45);
insert into [Executive Admin] (EmployeeProfileid) values (46);
insert into [Executive Admin] (EmployeeProfileid) values (47);
insert into [Executive Admin] (EmployeeProfileid) values (48);

-- Supplier
SET IDENTITY_INSERT [Supplier] ON;
insert into [Supplier] (supplycode, company, email, phone, address, country, postcode, city) values (7319, 'Ainyx', 'ggranville0@cocolog-nifty.com', '618-706-8186', '49 Prairie Rose Court', 'Philippines', 5527, 'Santa Teresa');
insert into [Supplier] (supplycode, company, email, phone, address, country, postcode, city) values (2481, 'Skidoo', 'gfeveryear1@virginia.edu', '135-409-9631', '60316 Grayhawk Junction', 'Peru', 6358, 'Taquile');
insert into [Supplier] (supplycode, company, email, phone, address, country, postcode, city) values (3603, 'Skipfire', 'cwilford2@slashdot.org', '205-345-8782', '753 Knutson Pass', 'Argentina', 9692, 'Charata');
insert into [Supplier] (supplycode, company, email, phone, address, country, postcode, city) values (6920, 'Jaxnation', 'cpetrolli3@webnode.com', '514-107-0501', '9 Northland Junction', 'Moldova', 4405, 'Nisporeni');
insert into [Supplier] (supplycode, company, email, phone, address, country, postcode, city) values (9523, 'Feedfire', 'bsabine4@goo.gl', '293-261-8189', '19 Forest Junction', 'Indonesia', 5906, 'Girang');
insert into [Supplier] (supplycode, company, email, phone, address, country, postcode, city) values (4202, 'Centidel', 'myarranton5@go.com', '143-434-0237', '25 Warner Center', 'Poland', 8828, 'Głogów Małopolski');
insert into [Supplier] (supplycode, company, email, phone, address, country, postcode, city) values (2008, 'Browsebug', 'mdeye6@g.co', '970-386-1106', '2254 Surrey Junction', 'China', 1041, 'Dagou');
insert into [Supplier] (supplycode, company, email, phone, address, country, postcode, city) values (9778, 'Demivee', 'abrigstock7@msn.com', '928-380-3496', '04 Texas Junction', 'Poland', 2662, 'Książ Wielkopolski');
insert into [Supplier] (supplycode, company, email, phone, address, country, postcode, city) values (9628, 'Wordify', 'cspuffard8@gnu.org', '936-769-6557', '8169 Mallard Trail', 'Chad', 7319, 'Oum Hadjer');
insert into [Supplier] (supplycode, company, email, phone, address, country, postcode, city) values (2333, 'Trudoo', 'isarrell9@domainmarket.com', '454-184-2906', '7638 Gulseth Center', 'China', 8181, 'Xuetian');
insert into [Supplier] (supplycode, company, email, phone, address, country, postcode, city) values (2173, 'Kwinu', 'cfenicha@wunderground.com', '569-696-7241', '55253 Sutteridge Trail', 'Peru', 7514, 'San Marcos');
insert into [Supplier] (supplycode, company, email, phone, address, country, postcode, city) values (6086, 'Nlounge', 'bsuterb@hibu.com', '239-294-4790', '00 Eastwood Way', 'Israel', 9309, 'Kafir Yasif');
insert into [Supplier] (supplycode, company, email, phone, address, country, postcode, city) values (5122, 'Thoughtmix', 'phalstonc@sun.com', '495-772-9196', '133 Petterle Road', 'China', 2491, 'Xinzhuang');
insert into [Supplier] (supplycode, company, email, phone, address, country, postcode, city) values (8599, 'Thoughtbridge', 'meyckelbeckd@uol.com.br', '757-294-5263', '944 Burrows Drive', 'Colombia', 8432, 'Ibagué');
insert into [Supplier] (supplycode, company, email, phone, address, country, postcode, city) values (9469, 'Youbridge', 'jbulgene@blogtalkradio.com', '998-222-8799', '4 Brickson Park Park', 'Peru', 1165, 'Lobitos');
insert into [Supplier] (supplycode, company, email, phone, address, country, postcode, city) values (4990, 'Jabberbean', 'slaurentinof@yale.edu', '639-653-4338', '23840 Union Junction', 'Poland', 3037, 'Krosno Odrzańskie');
insert into [Supplier] (supplycode, company, email, phone, address, country, postcode, city) values (2941, 'Voonder', 'jtabouring@sakura.ne.jp', '462-119-8486', '05 Fisk Center', 'Sweden', 8353, 'Luleå');
insert into [Supplier] (supplycode, company, email, phone, address, country, postcode, city) values (5998, 'Cogidoo', 'jgiovannih@elegantthemes.com', '436-829-9201', '5 Carpenter Plaza', 'France', 9064, 'Courtaboeuf');
insert into [Supplier] (supplycode, company, email, phone, address, country, postcode, city) values (4821, 'Plajo', 'jdillowi@last.fm', '333-655-8826', '3 Coolidge Alley', 'Brazil', 2169, 'Itapecerica da Serra');
insert into [Supplier] (supplycode, company, email, phone, address, country, postcode, city) values (1096, 'Quinu', 'lfleayj@youtube.com', '328-520-0821', '9 Mcbride Avenue', 'Argentina', 5092, 'Capitán Bermúdez');
SET IDENTITY_INSERT [Supplier] OFF;
-- Zone
SET IDENTITY_INSERT [ZONE] ON;
insert into [Zone] (id, coordinates, climate, country, area) values (1, 29.367984, 'Temperate forest', 'China', 'Lingxi');
insert into [Zone] (id, coordinates, climate, country, area) values (2, 52.6653765, 'Boreal forest', 'Russia', 'Pavlovka');
insert into [Zone] (id, coordinates, climate, country, area) values (3, 34.06183, 'Indoor', 'Afghanistan', 'Quchanghī');
insert into [Zone] (id, coordinates, climate, country, area) values (4, 25.48385, 'Temperate forest', 'China', 'Xiangyun');
insert into [Zone] (id, coordinates, climate, country, area) values (5, 39.8651684, 'Riverside', 'Portugal', 'Carreira');
insert into [Zone] (id, coordinates, climate, country, area) values (6, 23.544205, 'Savana', 'China', 'Paisha');
insert into [Zone] (id, coordinates, climate, country, area) values (7, 13.7634469, 'Polar', 'Philippines', 'Cabusao');
insert into [Zone] (id, coordinates, climate, country, area) values (8, -19.2443226, 'Riverside', 'Namibia', 'Tsumeb');
insert into [Zone] (id, coordinates, climate, country, area) values (9, 29.514498, 'Polar', 'China', 'Xiangshi');
insert into [Zone] (id, coordinates, climate, country, area) values (10, 41.8345433, 'Desert', 'Portugal', 'Penedo');
insert into [Zone] (id, coordinates, climate, country, area) values (11, 37.0237497, 'Plaines', 'China', 'Hetoudian');
insert into [Zone] (id, coordinates, climate, country, area) values (12, -29.251895, 'Urban', 'South Africa', 'Springbok');
insert into [Zone] (id, coordinates, climate, country, area) values (13, 31.2303904, 'Scrub outback', 'China', 'Shanghu');
insert into [Zone] (id, coordinates, climate, country, area) values (14, 56.2340628, 'Urban', 'Russia', 'Dmitrov');
insert into [Zone] (id, coordinates, climate, country, area) values (15, 19.3803931, 'Foothills', 'Mexico', 'Independencia');
insert into [Zone] (id, coordinates, climate, country, area) values (16, 52.3636588, 'Plaines', 'Netherlands', 'Amsterdam-Oost');
insert into [Zone] (id, coordinates, climate, country, area) values (17, 42.7981285, 'Sand beach', 'France', 'Labège');
insert into [Zone] (id, coordinates, climate, country, area) values (18, 48.840109, 'Stone beach', 'France', 'Marne-la-Vallée');
insert into [Zone] (id, coordinates, climate, country, area) values (19, 4.7161955, 'Desert', 'Cameroon', 'Loum');
insert into [Zone] (id, coordinates, climate, country, area) values (20, 32.7074464, 'Temperate forest', 'China', 'Wulipu');
insert into [Zone] (id, coordinates, climate, country, area) values (21, 29.643475, 'Mountain', 'United States', 'Houston');
insert into [Zone] (id, coordinates, climate, country, area) values (22, 24.979855, 'Mountain', 'China', 'Yongfu');
insert into [Zone] (id, coordinates, climate, country, area) values (23, 13.4760985, 'Foothills', 'Guam', 'Santa Rita Village');
insert into [Zone] (id, coordinates, climate, country, area) values (24, 43.4945737, 'Sand beach', 'France', 'Paris 18');
insert into [Zone] (id, coordinates, climate, country, area) values (25, 35.532662, 'Scrub outback', 'China', 'Houjiachuan');
insert into [Zone] (id, coordinates, climate, country, area) values (26, -8.3647935, 'Indoor', 'Indonesia', 'Baranusa');
insert into [Zone] (id, coordinates, climate, country, area) values (27, 22.280436, 'Riverside', 'China', 'Hongtang');
insert into [Zone] (id, coordinates, climate, country, area) values (28, 39.7898, 'Lakeside', 'China', 'Xihongmen');
insert into [Zone] (id, coordinates, climate, country, area) values (29, 23.12468, 'Polar', 'China', 'Tianhe');
insert into [Zone] (id, coordinates, climate, country, area) values (30, 47.642707, 'Desert', 'China', 'Tongjiang');
insert into [Zone] (id, coordinates, climate, country, area) values (31, 13.2317498, 'Scrub outback', 'Philippines', 'Santo Domingo');
insert into [Zone] (id, coordinates, climate, country, area) values (32, 53.8298337, 'Indoor', 'Poland', 'Jonkowo');
insert into [Zone] (id, coordinates, climate, country, area) values (33, 42.7123148, 'Alpine', 'Bulgaria', 'Shipka');
insert into [Zone] (id, coordinates, climate, country, area) values (34, -34.5688333, 'Temperate forest', 'Argentina', 'Rufino');
insert into [Zone] (id, coordinates, climate, country, area) values (35, 31.467665, 'Boreal forest', 'China', 'Ludu');
insert into [Zone] (id, coordinates, climate, country, area) values (36, 45.7784442, 'Plaines', 'Canada', 'Asbestos');
insert into [Zone] (id, coordinates, climate, country, area) values (37, 37.444498, 'Mountain', 'China', 'Lincheng');
insert into [Zone] (id, coordinates, climate, country, area) values (38, 51.7173795, 'Lakeside', 'Poland', 'Brzeźnica');
insert into [Zone] (id, coordinates, climate, country, area) values (39, 14.51155, 'Plaines', 'Yemen', 'Sūq ar Rabū‘');
insert into [Zone] (id, coordinates, climate, country, area) values (40, 10.8026827, 'Desert', 'Vietnam', 'Tân Châu');
insert into [Zone] (id, coordinates, climate, country, area) values (41, 8.529106, 'Desert', 'Philippines', 'Lopez Jaena');
insert into [Zone] (id, coordinates, climate, country, area) values (42, 40.2269318, 'Plaines', 'Portugal', 'Lamarosa');
insert into [Zone] (id, coordinates, climate, country, area) values (43, 9.9044207, 'Scrub outback', 'Vietnam', 'Minh Lương');
insert into [Zone] (id, coordinates, climate, country, area) values (44, 46.6473105, 'Boreal forest', 'France', 'Ajaccio');
insert into [Zone] (id, coordinates, climate, country, area) values (45, 28.704586, 'Plaines', 'China', 'Hanchang');
insert into [Zone] (id, coordinates, climate, country, area) values (46, -8.305583, 'Temperate forest', 'Indonesia', 'Bayan');
insert into [Zone] (id, coordinates, climate, country, area) values (47, 8.6076919, 'Foothills', 'Philippines', 'Moog');
insert into [Zone] (id, coordinates, climate, country, area) values (48, 46.4566661, 'Mountain', 'Ukraine', 'Askaniya Nova');
insert into [Zone] (id, coordinates, climate, country, area) values (49, 36.3688889, 'Rainforest', 'Greece', 'Profítis Ilías');
insert into [Zone] (id, coordinates, climate, country, area) values (50, 35.7518326, 'Boreal forest', 'China', 'Gansa');
insert into [Zone] (id, coordinates, climate, country, area) values (51, 43.4539508, 'Alpine', 'Russia', 'Uchkulan');
insert into [Zone] (id, coordinates, climate, country, area) values (52, -24.988061, 'Stone beach', 'Botswana', 'Kanye');
insert into [Zone] (id, coordinates, climate, country, area) values (53, 27.775323, 'Sand beach', 'China', 'Qinjiang');
insert into [Zone] (id, coordinates, climate, country, area) values (54, 52.3979454, 'Plaines', 'Belarus', 'Kamyanyets');
insert into [Zone] (id, coordinates, climate, country, area) values (55, 39.5251914, 'Desert', 'United States', 'Reno');
insert into [Zone] (id, coordinates, climate, country, area) values (56, 30.2771132, 'Lakeside', 'Pakistan', 'Būrewāla');
insert into [Zone] (id, coordinates, climate, country, area) values (57, 41.3869496, 'Riverside', 'Portugal', 'Celorico de Basto');
insert into [Zone] (id, coordinates, climate, country, area) values (58, 17.1013958, 'Rainforest', 'Philippines', 'Alibago');
insert into [Zone] (id, coordinates, climate, country, area) values (59, -7.2752365, 'Scrub outback', 'Indonesia', 'Sinarbakti');
insert into [Zone] (id, coordinates, climate, country, area) values (60, 40.7530733, 'Urban', 'China', 'Lüxiang');
insert into [Zone] (id, coordinates, climate, country, area) values (61, 14.3679657, 'Boreal forest', 'Philippines', 'San Pedro');
insert into [Zone] (id, coordinates, climate, country, area) values (62, 3.4851908, 'Riverside', 'Colombia', 'Cali');
insert into [Zone] (id, coordinates, climate, country, area) values (63, -30.0722165, 'Polar', 'Brazil', 'Viamão');
insert into [Zone] (id, coordinates, climate, country, area) values (64, 5.709563, 'Polar', 'Colombia', 'Nuquí');
insert into [Zone] (id, coordinates, climate, country, area) values (65, 40.2442315, 'Plaines', 'Armenia', 'Mayakovski');
insert into [Zone] (id, coordinates, climate, country, area) values (66, 17.7116584, 'Boreal forest', 'Thailand', 'Sa Kaeo');
insert into [Zone] (id, coordinates, climate, country, area) values (67, 5.9, 'Urban', 'Nigeria', 'Uruobo-Okija');
insert into [Zone] (id, coordinates, climate, country, area) values (68, 59.9026039, 'Savana', 'Norway', 'Oslo');
insert into [Zone] (id, coordinates, climate, country, area) values (69, -6.1859723, 'Lakeside', 'Indonesia', 'Pasarkayu');
insert into [Zone] (id, coordinates, climate, country, area) values (70, 30.233873, 'Foothills', 'China', 'Lin’an');
insert into [Zone] (id, coordinates, climate, country, area) values (71, 59.2690316, 'Lakeside', 'Sweden', 'Enskede');
insert into [Zone] (id, coordinates, climate, country, area) values (72, 40.5630764, 'Lakeside', 'Armenia', 'Drakhtik');
insert into [Zone] (id, coordinates, climate, country, area) values (73, 50.0625015, 'Savana', 'Canada', 'Medicine Hat');
insert into [Zone] (id, coordinates, climate, country, area) values (74, -6.944036, 'Plaines', 'Indonesia', 'Kendayakan');
insert into [Zone] (id, coordinates, climate, country, area) values (75, -9.148289, 'Plaines', 'Peru', 'San Jacinto');
insert into [Zone] (id, coordinates, climate, country, area) values (76, 41.811711, 'Stone beach', 'China', 'Mazongshan');
insert into [Zone] (id, coordinates, climate, country, area) values (77, 44.891731, 'Boreal forest', 'Canada', 'Smiths Falls');
insert into [Zone] (id, coordinates, climate, country, area) values (78, -19.7864376, 'Plaines', 'Brazil', 'Caratinga');
insert into [Zone] (id, coordinates, climate, country, area) values (79, 44.1666669, 'Indoor', 'Mongolia', 'Üydzen');
insert into [Zone] (id, coordinates, climate, country, area) values (80, 47.3016629, 'Temperate forest', 'Russia', 'Taganrog');
insert into [Zone] (id, coordinates, climate, country, area) values (81, -6.73479, 'Savana', 'Indonesia', 'Panyarang');
insert into [Zone] (id, coordinates, climate, country, area) values (82, 54.732298, 'Rainforest', 'Russia', 'Rybnoye');
insert into [Zone] (id, coordinates, climate, country, area) values (83, 34.983385, 'Desert', 'China', 'Gannan');
insert into [Zone] (id, coordinates, climate, country, area) values (84, 18.9133079, 'Savana', 'China', 'Shiziling');
insert into [Zone] (id, coordinates, climate, country, area) values (85, 50.3197113, 'Alpine', 'Poland', 'Skalbmierz');
insert into [Zone] (id, coordinates, climate, country, area) values (86, -34.6312662, 'Alpine', 'Argentina', 'Chilecito');
insert into [Zone] (id, coordinates, climate, country, area) values (87, 37.7700101, 'Urban', 'Portugal', 'Fajã de Cima');
insert into [Zone] (id, coordinates, climate, country, area) values (88, 48.1735752, 'Scrub outback', 'Mongolia', 'Buyant');
insert into [Zone] (id, coordinates, climate, country, area) values (89, 28.379727, 'Indoor', 'China', 'Lianghekou');
insert into [Zone] (id, coordinates, climate, country, area) values (90, 5.8192832, 'Mountain', 'Nigeria', 'Okigwi');
insert into [Zone] (id, coordinates, climate, country, area) values (91, 40.8328514, 'Riverside', 'Armenia', 'Mets Parni');
insert into [Zone] (id, coordinates, climate, country, area) values (92, -6.2649072, 'Plaines', 'Indonesia', 'Sedandang');
insert into [Zone] (id, coordinates, climate, country, area) values (93, 20.3719163, 'Foothills', 'Cuba', 'Bayamo');
insert into [Zone] (id, coordinates, climate, country, area) values (94, 47.7008606, 'Sand beach', 'Mongolia', 'Dzuunmod');
insert into [Zone] (id, coordinates, climate, country, area) values (95, 53.0815746, 'Temperate forest', 'Poland', 'Krzęcin');
insert into [Zone] (id, coordinates, climate, country, area) values (96, 49.7859606, 'Alpine', 'Canada', 'Taber');
insert into [Zone] (id, coordinates, climate, country, area) values (97, 51.463, 'Lakeside', 'Russia', 'Vydreno');
insert into [Zone] (id, coordinates, climate, country, area) values (98, 42.5787371, 'Polar', 'Kosovo', 'Strellc i Epërm');
insert into [Zone] (id, coordinates, climate, country, area) values (99, 8.8174466, 'Urban', 'Ethiopia', 'Gelemso');
insert into [Zone] (id, coordinates, climate, country, area) values (100, 35.615489, 'Stone beach', 'China', 'Huangnaihai');
SET IDENTITY_INSERT [Zone] OFF;
-- Levels
SET IDENTITY_INSERT [Levels] ON;
insert into [Levels] (id, tier, price) values (1, 'standard', 25);
insert into [Levels] (id, tier, price) values (2, 'gold', 50);
insert into [Levels] (id, tier, price) values (3, 'platinum', 75);
insert into [Levels] (id, tier, price) values (4, 'super platinum', 100);
SET IDENTITY_INSERT [Levels] OFF;

-- Sensor
SET IDENTITY_INSERT [Sensor] ON;
insert into [Sensor] (id, Zoneid, coordinates, lastserv, nextserv) values (1, 90, 27.845011, '2023-02-08', '2022-08-04');
insert into [Sensor] (id, Zoneid, coordinates, lastserv, nextserv) values (2, 99, 22.5805725, '2022-09-12', '2023-11-24');
insert into [Sensor] (id, Zoneid, coordinates, lastserv, nextserv) values (3, 69, -7.5450262, '2022-11-19', '2023-12-28');
insert into [Sensor] (id, Zoneid, coordinates, lastserv, nextserv) values (4, 59, 55.2067999, '2022-12-25', '2024-03-23');
insert into [Sensor] (id, Zoneid, coordinates, lastserv, nextserv) values (5, 39, 37.7181047, '2022-08-08', '2024-05-31');
insert into [Sensor] (id, Zoneid, coordinates, lastserv, nextserv) values (6, 22, 33.3487793, '2023-01-04', '2024-04-01');
insert into [Sensor] (id, Zoneid, coordinates, lastserv, nextserv) values (7, 6, 55.6699522, '2022-10-15', '2023-03-02');
insert into [Sensor] (id, Zoneid, coordinates, lastserv, nextserv) values (8, 83, -6.6889038, '2023-03-05', '2023-03-26');
insert into [Sensor] (id, Zoneid, coordinates, lastserv, nextserv) values (9, 83, 60.3749535, '2023-02-13', '2023-02-28');
insert into [Sensor] (id, Zoneid, coordinates, lastserv, nextserv) values (10, 35, -27.990857, '2023-02-28', '2022-11-18');
insert into [Sensor] (id, Zoneid, coordinates, lastserv, nextserv) values (11, 65, -29.0303854, '2023-06-19', '2023-08-24');
insert into [Sensor] (id, Zoneid, coordinates, lastserv, nextserv) values (12, 52, 40.8395426, '2022-08-21', '2023-09-12');
insert into [Sensor] (id, Zoneid, coordinates, lastserv, nextserv) values (13, 69, 35.5349444, '2023-02-19', '2023-04-26');
insert into [Sensor] (id, Zoneid, coordinates, lastserv, nextserv) values (14, 53, 59.2785729, '2022-08-09', '2023-09-01');
insert into [Sensor] (id, Zoneid, coordinates, lastserv, nextserv) values (15, 70, 7.6988579, '2022-11-19', '2023-04-24');
insert into [Sensor] (id, Zoneid, coordinates, lastserv, nextserv) values (16, 81, 38.9458437, '2022-09-11', '2023-10-20');
insert into [Sensor] (id, Zoneid, coordinates, lastserv, nextserv) values (17, 76, -23.9115866, '2023-02-22', '2023-06-23');
insert into [Sensor] (id, Zoneid, coordinates, lastserv, nextserv) values (18, 72, 52.423387, '2022-10-05', '2022-07-23');
insert into [Sensor] (id, Zoneid, coordinates, lastserv, nextserv) values (19, 40, -7.1665502, '2022-12-15', '2022-09-27');
insert into [Sensor] (id, Zoneid, coordinates, lastserv, nextserv) values (20, 80, 31.060387, '2022-07-02', '2023-12-16');
insert into [Sensor] (id, Zoneid, coordinates, lastserv, nextserv) values (21, 33, 45.521519, '2022-11-08', '2023-05-11');
insert into [Sensor] (id, Zoneid, coordinates, lastserv, nextserv) values (22, 49, 31.352859, '2022-08-31', '2023-12-26');
insert into [Sensor] (id, Zoneid, coordinates, lastserv, nextserv) values (23, 27, -22.2528986, '2023-06-16', '2022-11-29');
insert into [Sensor] (id, Zoneid, coordinates, lastserv, nextserv) values (24, 26, -8.3743886, '2022-07-02', '2022-10-27');
insert into [Sensor] (id, Zoneid, coordinates, lastserv, nextserv) values (25, 44, -6.8230945, '2023-05-30', '2023-01-18');
insert into [Sensor] (id, Zoneid, coordinates, lastserv, nextserv) values (26, 80, 57.6437016, '2022-07-29', '2023-06-04');
insert into [Sensor] (id, Zoneid, coordinates, lastserv, nextserv) values (27, 6, 49.2867869, '2022-11-06', '2022-10-14');
insert into [Sensor] (id, Zoneid, coordinates, lastserv, nextserv) values (28, 24, 21.660935, '2022-12-06', '2023-09-09');
insert into [Sensor] (id, Zoneid, coordinates, lastserv, nextserv) values (29, 14, 39.3433574, '2023-03-28', '2023-07-23');
insert into [Sensor] (id, Zoneid, coordinates, lastserv, nextserv) values (30, 2, 25.6759249, '2022-07-20', '2022-10-30');
insert into [Sensor] (id, Zoneid, coordinates, lastserv, nextserv) values (31, 78, -24.8705652, '2022-11-20', '2022-11-02');
insert into [Sensor] (id, Zoneid, coordinates, lastserv, nextserv) values (32, 46, 45.156512, '2022-10-15', '2023-01-24');
insert into [Sensor] (id, Zoneid, coordinates, lastserv, nextserv) values (33, 80, -6.3621916, '2023-04-30', '2022-08-13');
insert into [Sensor] (id, Zoneid, coordinates, lastserv, nextserv) values (34, 12, 5.0281872, '2023-01-31', '2024-03-25');
insert into [Sensor] (id, Zoneid, coordinates, lastserv, nextserv) values (35, 40, 19.7267712, '2023-04-04', '2022-11-08');
insert into [Sensor] (id, Zoneid, coordinates, lastserv, nextserv) values (36, 36, 59.9050895, '2023-04-15', '2024-06-15');
insert into [Sensor] (id, Zoneid, coordinates, lastserv, nextserv) values (37, 79, -16.4078661, '2022-07-10', '2022-12-15');
insert into [Sensor] (id, Zoneid, coordinates, lastserv, nextserv) values (38, 83, 6.6833334, '2022-12-21', '2023-05-03');
insert into [Sensor] (id, Zoneid, coordinates, lastserv, nextserv) values (39, 8, 2.777781, '2022-09-26', '2023-10-17');
insert into [Sensor] (id, Zoneid, coordinates, lastserv, nextserv) values (40, 51, 29.4099289, '2023-02-13', '2024-03-15');
insert into [Sensor] (id, Zoneid, coordinates, lastserv, nextserv) values (41, 29, -3.3339824, '2023-01-14', '2023-05-08');
insert into [Sensor] (id, Zoneid, coordinates, lastserv, nextserv) values (42, 1, -7.221299, '2023-04-16', '2024-04-05');
insert into [Sensor] (id, Zoneid, coordinates, lastserv, nextserv) values (43, 92, 14.8904575, '2023-02-06', '2022-09-28');
insert into [Sensor] (id, Zoneid, coordinates, lastserv, nextserv) values (44, 34, 49.1656853, '2022-11-19', '2022-11-14');
insert into [Sensor] (id, Zoneid, coordinates, lastserv, nextserv) values (45, 8, -8.4966825, '2022-12-02', '2024-02-23');
insert into [Sensor] (id, Zoneid, coordinates, lastserv, nextserv) values (46, 55, 33.456443, '2023-01-04', '2023-10-02');
insert into [Sensor] (id, Zoneid, coordinates, lastserv, nextserv) values (47, 96, 32.9086366, '2023-02-08', '2022-10-13');
insert into [Sensor] (id, Zoneid, coordinates, lastserv, nextserv) values (48, 27, 42.3414123, '2022-07-03', '2024-01-06');
insert into [Sensor] (id, Zoneid, coordinates, lastserv, nextserv) values (49, 69, 9.5287247, '2023-01-26', '2024-01-11');
insert into [Sensor] (id, Zoneid, coordinates, lastserv, nextserv) values (50, 9, 39.3134407, '2023-02-10', '2023-09-18');
insert into [Sensor] (id, Zoneid, coordinates, lastserv, nextserv) values (51, 85, -6.7216825, '2022-07-11', '2022-12-28');
insert into [Sensor] (id, Zoneid, coordinates, lastserv, nextserv) values (52, 39, -32.8916404, '2023-02-24', '2024-06-07');
insert into [Sensor] (id, Zoneid, coordinates, lastserv, nextserv) values (53, 15, -2.1596406, '2023-06-14', '2023-01-04');
insert into [Sensor] (id, Zoneid, coordinates, lastserv, nextserv) values (54, 74, 49.6968574, '2022-08-05', '2023-07-17');
insert into [Sensor] (id, Zoneid, coordinates, lastserv, nextserv) values (55, 90, 40.6230031, '2023-01-27', '2022-11-05');
insert into [Sensor] (id, Zoneid, coordinates, lastserv, nextserv) values (56, 55, 43.0150759, '2023-04-03', '2023-08-28');
insert into [Sensor] (id, Zoneid, coordinates, lastserv, nextserv) values (57, 44, 13.292049, '2023-02-05', '2022-10-25');
insert into [Sensor] (id, Zoneid, coordinates, lastserv, nextserv) values (58, 60, 48.48333, '2023-06-26', '2022-11-12');
insert into [Sensor] (id, Zoneid, coordinates, lastserv, nextserv) values (59, 10, 4.4054033, '2023-06-13', '2024-04-10');
insert into [Sensor] (id, Zoneid, coordinates, lastserv, nextserv) values (60, 9, 41.3258441, '2023-02-16', '2022-10-15');
insert into [Sensor] (id, Zoneid, coordinates, lastserv, nextserv) values (61, 48, 51.5244042, '2023-03-30', '2022-07-17');
insert into [Sensor] (id, Zoneid, coordinates, lastserv, nextserv) values (62, 43, -7.3434492, '2022-07-27', '2022-11-02');
insert into [Sensor] (id, Zoneid, coordinates, lastserv, nextserv) values (63, 54, 6.724917, '2023-04-21', '2022-07-19');
insert into [Sensor] (id, Zoneid, coordinates, lastserv, nextserv) values (64, 63, 47.6451517, '2023-04-22', '2024-02-10');
insert into [Sensor] (id, Zoneid, coordinates, lastserv, nextserv) values (65, 93, 35.547333, '2023-03-19', '2023-01-10');
insert into [Sensor] (id, Zoneid, coordinates, lastserv, nextserv) values (66, 99, -0.421633, '2023-03-07', '2023-01-06');
insert into [Sensor] (id, Zoneid, coordinates, lastserv, nextserv) values (67, 77, 37.6205429, '2023-01-01', '2023-03-04');
insert into [Sensor] (id, Zoneid, coordinates, lastserv, nextserv) values (68, 23, 24.810879, '2022-11-17', '2023-08-22');
insert into [Sensor] (id, Zoneid, coordinates, lastserv, nextserv) values (69, 11, 4.860823, '2022-07-15', '2024-01-12');
insert into [Sensor] (id, Zoneid, coordinates, lastserv, nextserv) values (70, 51, 49.7694382, '2022-11-05', '2022-08-19');
insert into [Sensor] (id, Zoneid, coordinates, lastserv, nextserv) values (71, 1, 5.759368, '2023-01-05', '2024-06-15');
insert into [Sensor] (id, Zoneid, coordinates, lastserv, nextserv) values (72, 42, 43.267167, '2023-02-22', '2023-10-09');
insert into [Sensor] (id, Zoneid, coordinates, lastserv, nextserv) values (73, 56, 54.7669, '2022-12-10', '2024-05-08');
insert into [Sensor] (id, Zoneid, coordinates, lastserv, nextserv) values (74, 27, 34.645233, '2023-05-12', '2022-07-16');
insert into [Sensor] (id, Zoneid, coordinates, lastserv, nextserv) values (75, 68, 14.5410506, '2023-04-09', '2022-08-15');
insert into [Sensor] (id, Zoneid, coordinates, lastserv, nextserv) values (76, 15, 48.9339587, '2023-02-15', '2022-09-10');
insert into [Sensor] (id, Zoneid, coordinates, lastserv, nextserv) values (77, 45, -8.1209842, '2023-02-24', '2024-02-28');
insert into [Sensor] (id, Zoneid, coordinates, lastserv, nextserv) values (78, 86, 61.8245883, '2022-08-11', '2024-03-03');
insert into [Sensor] (id, Zoneid, coordinates, lastserv, nextserv) values (79, 89, -34.5261401, '2023-04-05', '2023-01-11');
insert into [Sensor] (id, Zoneid, coordinates, lastserv, nextserv) values (80, 83, 45.2879358, '2022-10-06', '2023-07-06');
insert into [Sensor] (id, Zoneid, coordinates, lastserv, nextserv) values (81, 32, 31.298974, '2022-08-26', '2023-04-12');
insert into [Sensor] (id, Zoneid, coordinates, lastserv, nextserv) values (82, 88, 25.962888, '2023-03-23', '2023-03-15');
insert into [Sensor] (id, Zoneid, coordinates, lastserv, nextserv) values (83, 91, -5.2368931, '2022-07-06', '2022-12-31');
insert into [Sensor] (id, Zoneid, coordinates, lastserv, nextserv) values (84, 11, 55.8431628, '2023-04-19', '2023-01-10');
insert into [Sensor] (id, Zoneid, coordinates, lastserv, nextserv) values (85, 57, 43.2625974, '2023-06-03', '2024-03-05');
insert into [Sensor] (id, Zoneid, coordinates, lastserv, nextserv) values (86, 33, -8.4769874, '2023-05-23', '2024-04-24');
insert into [Sensor] (id, Zoneid, coordinates, lastserv, nextserv) values (87, 1, 59.5135547, '2023-06-23', '2023-12-01');
insert into [Sensor] (id, Zoneid, coordinates, lastserv, nextserv) values (88, 20, 24.879416, '2023-01-23', '2023-09-12');
insert into [Sensor] (id, Zoneid, coordinates, lastserv, nextserv) values (89, 9, 37.9220464, '2023-06-06', '2023-06-09');
insert into [Sensor] (id, Zoneid, coordinates, lastserv, nextserv) values (90, 3, 45.4726625, '2022-09-07', '2023-10-03');
insert into [Sensor] (id, Zoneid, coordinates, lastserv, nextserv) values (91, 5, 16.4543173, '2022-09-06', '2023-01-12');
insert into [Sensor] (id, Zoneid, coordinates, lastserv, nextserv) values (92, 50, 18.791255, '2023-05-16', '2023-09-12');
insert into [Sensor] (id, Zoneid, coordinates, lastserv, nextserv) values (93, 91, 23.642114, '2023-04-16', '2023-03-05');
insert into [Sensor] (id, Zoneid, coordinates, lastserv, nextserv) values (94, 77, 19.5037694, '2023-04-02', '2024-02-04');
insert into [Sensor] (id, Zoneid, coordinates, lastserv, nextserv) values (95, 56, 15.8800584, '2022-11-03', '2022-12-14');
insert into [Sensor] (id, Zoneid, coordinates, lastserv, nextserv) values (96, 2, 55.2160303, '2023-06-17', '2022-12-17');
insert into [Sensor] (id, Zoneid, coordinates, lastserv, nextserv) values (97, 62, 60.4609132, '2023-06-17', '2023-10-27');
insert into [Sensor] (id, Zoneid, coordinates, lastserv, nextserv) values (98, 13, -7.4416099, '2023-02-13', '2022-12-19');
insert into [Sensor] (id, Zoneid, coordinates, lastserv, nextserv) values (99, 31, 15.0759838, '2022-11-19', '2024-05-10');
insert into [Sensor] (id, Zoneid, coordinates, lastserv, nextserv) values (100, 71, 56.7391033, '2023-05-01', '2022-11-20');
SET IDENTITY_INSERT [Sensor] OFF;
-- Stream
SET IDENTITY_INSERT [Stream] ON;
insert into [Stream] (id, Sensorid, [date], [start], [end]) values (1, 89, '2023-04-08', '20:58', '8:34');
insert into [Stream] (id, Sensorid, [date], [start], [end]) values (2, 41, '2022-05-08', '5:34', '3:52');
insert into [Stream] (id, Sensorid, [date], [start], [end]) values (3, 5, '2023-03-03', '1:10', '0:23');
insert into [Stream] (id, Sensorid, [date], [start], [end]) values (4, 27, '2022-09-21', '22:08', '11:29');
insert into [Stream] (id, Sensorid, [date], [start], [end]) values (5, 60, '2021-02-05', '19:30', '2:37');
insert into [Stream] (id, Sensorid, [date], [start], [end]) values (6, 56, '2020-07-13', '16:57', '8:26');
insert into [Stream] (id, Sensorid, [date], [start], [end]) values (7, 91, '2020-02-27', '12:36', '6:21');
insert into [Stream] (id, Sensorid, [date], [start], [end]) values (8, 66, '2020-02-05', '11:19', '3:28');
insert into [Stream] (id, Sensorid, [date], [start], [end]) values (9, 7, '2020-09-28', '7:11', '19:48');
insert into [Stream] (id, Sensorid, [date], [start], [end]) values (10, 43, '2021-10-22', '4:01', '3:08');
insert into [Stream] (id, Sensorid, [date], [start], [end]) values (11, 93, '2022-07-25', '22:00', '15:57');
insert into [Stream] (id, Sensorid, [date], [start], [end]) values (12, 33, '2020-07-07', '18:30', '22:55');
insert into [Stream] (id, Sensorid, [date], [start], [end]) values (13, 73, '2022-11-14', '16:36', '18:49');
insert into [Stream] (id, Sensorid, [date], [start], [end]) values (14, 59, '2021-09-29', '13:34', '14:42');
insert into [Stream] (id, Sensorid, [date], [start], [end]) values (15, 23, '2021-04-14', '15:25', '17:43');
insert into [Stream] (id, Sensorid, [date], [start], [end]) values (16, 41, '2022-01-14', '22:15', '0:42');
insert into [Stream] (id, Sensorid, [date], [start], [end]) values (17, 17, '2022-03-06', '19:32', '3:27');
insert into [Stream] (id, Sensorid, [date], [start], [end]) values (18, 88, '2021-05-14', '7:38', '12:08');
insert into [Stream] (id, Sensorid, [date], [start], [end]) values (19, 28, '2020-05-30', '8:57', '7:38');
insert into [Stream] (id, Sensorid, [date], [start], [end]) values (20, 47, '2021-10-07', '21:32', '20:00');
insert into [Stream] (id, Sensorid, [date], [start], [end]) values (21, 35, '2020-05-16', '16:24', '7:07');
insert into [Stream] (id, Sensorid, [date], [start], [end]) values (22, 91, '2020-09-03', '9:35', '21:48');
insert into [Stream] (id, Sensorid, [date], [start], [end]) values (23, 24, '2022-05-23', '11:20', '10:33');
insert into [Stream] (id, Sensorid, [date], [start], [end]) values (24, 64, '2022-04-11', '6:47', '8:16');
insert into [Stream] (id, Sensorid, [date], [start], [end]) values (25, 21, '2020-02-06', '9:38', '9:13');
insert into [Stream] (id, Sensorid, [date], [start], [end]) values (26, 56, '2022-09-14', '6:55', '15:52');
insert into [Stream] (id, Sensorid, [date], [start], [end]) values (27, 45, '2023-04-08', '4:32', '7:49');
insert into [Stream] (id, Sensorid, [date], [start], [end]) values (28, 54, '2022-04-17', '23:18', '16:08');
insert into [Stream] (id, Sensorid, [date], [start], [end]) values (29, 84, '2023-06-26', '7:19', '8:09');
insert into [Stream] (id, Sensorid, [date], [start], [end]) values (30, 71, '2020-09-23', '13:47', '3:23');
insert into [Stream] (id, Sensorid, [date], [start], [end]) values (31, 86, '2020-03-26', '6:22', '11:03');
insert into [Stream] (id, Sensorid, [date], [start], [end]) values (32, 25, '2020-06-17', '21:23', '19:06');
insert into [Stream] (id, Sensorid, [date], [start], [end]) values (33, 28, '2023-03-12', '21:59', '20:40');
insert into [Stream] (id, Sensorid, [date], [start], [end]) values (34, 92, '2020-10-23', '1:51', '3:43');
insert into [Stream] (id, Sensorid, [date], [start], [end]) values (35, 60, '2022-12-17', '23:24', '7:28');
insert into [Stream] (id, Sensorid, [date], [start], [end]) values (36, 78, '2022-06-20', '9:06', '13:40');
insert into [Stream] (id, Sensorid, [date], [start], [end]) values (37, 65, '2021-03-07', '7:04', '23:56');
insert into [Stream] (id, Sensorid, [date], [start], [end]) values (38, 79, '2023-02-20', '2:11', '22:09');
insert into [Stream] (id, Sensorid, [date], [start], [end]) values (39, 53, '2022-09-02', '8:18', '9:57');
insert into [Stream] (id, Sensorid, [date], [start], [end]) values (40, 17, '2020-01-26', '17:47', '21:29');
insert into [Stream] (id, Sensorid, [date], [start], [end]) values (41, 61, '2022-12-01', '20:55', '6:32');
insert into [Stream] (id, Sensorid, [date], [start], [end]) values (42, 32, '2021-12-31', '2:57', '3:59');
insert into [Stream] (id, Sensorid, [date], [start], [end]) values (43, 6, '2022-07-06', '3:40', '21:26');
insert into [Stream] (id, Sensorid, [date], [start], [end]) values (44, 4, '2020-06-17', '8:43', '16:57');
insert into [Stream] (id, Sensorid, [date], [start], [end]) values (45, 52, '2020-07-08', '8:38', '8:53');
insert into [Stream] (id, Sensorid, [date], [start], [end]) values (46, 52, '2023-04-15', '18:16', '4:50');
insert into [Stream] (id, Sensorid, [date], [start], [end]) values (47, 90, '2020-03-08', '7:11', '18:52');
insert into [Stream] (id, Sensorid, [date], [start], [end]) values (48, 50, '2021-05-26', '17:38', '9:30');
insert into [Stream] (id, Sensorid, [date], [start], [end]) values (49, 41, '2020-12-01', '21:51', '11:25');
insert into [Stream] (id, Sensorid, [date], [start], [end]) values (50, 35, '2022-05-21', '21:08', '8:07');
insert into [Stream] (id, Sensorid, [date], [start], [end]) values (51, 67, '2021-12-15', '1:18', '5:34');
insert into [Stream] (id, Sensorid, [date], [start], [end]) values (52, 70, '2021-03-10', '20:23', '4:52');
insert into [Stream] (id, Sensorid, [date], [start], [end]) values (53, 21, '2020-05-20', '18:29', '12:58');
insert into [Stream] (id, Sensorid, [date], [start], [end]) values (54, 61, '2022-04-13', '15:46', '8:17');
insert into [Stream] (id, Sensorid, [date], [start], [end]) values (55, 77, '2023-03-13', '23:55', '13:59');
insert into [Stream] (id, Sensorid, [date], [start], [end]) values (56, 27, '2023-03-23', '1:02', '4:31');
insert into [Stream] (id, Sensorid, [date], [start], [end]) values (57, 82, '2021-03-05', '15:23', '13:12');
insert into [Stream] (id, Sensorid, [date], [start], [end]) values (58, 93, '2023-03-10', '20:57', '13:39');
insert into [Stream] (id, Sensorid, [date], [start], [end]) values (59, 97, '2020-09-20', '21:06', '1:57');
insert into [Stream] (id, Sensorid, [date], [start], [end]) values (60, 73, '2023-02-28', '7:34', '8:24');
insert into [Stream] (id, Sensorid, [date], [start], [end]) values (61, 75, '2021-02-17', '19:55', '2:44');
insert into [Stream] (id, Sensorid, [date], [start], [end]) values (62, 14, '2020-07-11', '21:39', '19:16');
insert into [Stream] (id, Sensorid, [date], [start], [end]) values (63, 53, '2021-12-28', '7:16', '16:54');
insert into [Stream] (id, Sensorid, [date], [start], [end]) values (64, 15, '2022-12-05', '3:15', '22:03');
insert into [Stream] (id, Sensorid, [date], [start], [end]) values (65, 19, '2023-06-03', '19:21', '12:42');
insert into [Stream] (id, Sensorid, [date], [start], [end]) values (66, 80, '2020-04-11', '4:46', '9:59');
insert into [Stream] (id, Sensorid, [date], [start], [end]) values (67, 21, '2022-10-05', '20:13', '1:57');
insert into [Stream] (id, Sensorid, [date], [start], [end]) values (68, 100, '2020-06-29', '0:20', '21:38');
insert into [Stream] (id, Sensorid, [date], [start], [end]) values (69, 19, '2020-10-30', '22:06', '7:13');
insert into [Stream] (id, Sensorid, [date], [start], [end]) values (70, 37, '2021-05-01', '0:53', '7:19');
insert into [Stream] (id, Sensorid, [date], [start], [end]) values (71, 67, '2021-05-12', '23:37', '18:06');
insert into [Stream] (id, Sensorid, [date], [start], [end]) values (72, 97, '2022-10-10', '12:11', '3:47');
insert into [Stream] (id, Sensorid, [date], [start], [end]) values (73, 4, '2020-02-07', '15:32', '21:46');
insert into [Stream] (id, Sensorid, [date], [start], [end]) values (74, 83, '2020-12-04', '7:32', '3:20');
insert into [Stream] (id, Sensorid, [date], [start], [end]) values (75, 4, '2022-07-21', '15:12', '0:49');
insert into [Stream] (id, Sensorid, [date], [start], [end]) values (76, 100, '2020-04-08', '10:31', '1:45');
insert into [Stream] (id, Sensorid, [date], [start], [end]) values (77, 11, '2022-11-02', '15:30', '5:17');
insert into [Stream] (id, Sensorid, [date], [start], [end]) values (78, 67, '2021-06-20', '22:09', '20:19');
insert into [Stream] (id, Sensorid, [date], [start], [end]) values (79, 73, '2023-01-02', '18:24', '2:34');
insert into [Stream] (id, Sensorid, [date], [start], [end]) values (80, 28, '2020-10-23', '21:25', '14:11');
insert into [Stream] (id, Sensorid, [date], [start], [end]) values (81, 43, '2022-04-17', '10:18', '6:36');
insert into [Stream] (id, Sensorid, [date], [start], [end]) values (82, 32, '2022-11-05', '8:22', '0:54');
insert into [Stream] (id, Sensorid, [date], [start], [end]) values (83, 73, '2023-01-22', '12:08', '18:48');
insert into [Stream] (id, Sensorid, [date], [start], [end]) values (84, 56, '2021-04-15', '20:29', '5:41');
insert into [Stream] (id, Sensorid, [date], [start], [end]) values (85, 81, '2020-01-01', '21:47', '4:58');
insert into [Stream] (id, Sensorid, [date], [start], [end]) values (86, 35, '2021-01-10', '3:46', '14:50');
insert into [Stream] (id, Sensorid, [date], [start], [end]) values (87, 5, '2020-06-05', '0:46', '13:51');
insert into [Stream] (id, Sensorid, [date], [start], [end]) values (88, 27, '2021-05-15', '22:38', '9:05');
insert into [Stream] (id, Sensorid, [date], [start], [end]) values (89, 57, '2021-06-23', '11:32', '5:30');
insert into [Stream] (id, Sensorid, [date], [start], [end]) values (90, 40, '2020-07-13', '18:11', '20:34');
insert into [Stream] (id, Sensorid, [date], [start], [end]) values (91, 36, '2021-07-30', '12:32', '23:40');
insert into [Stream] (id, Sensorid, [date], [start], [end]) values (92, 3, '2020-01-01', '14:57', '19:28');
insert into [Stream] (id, Sensorid, [date], [start], [end]) values (93, 70, '2020-04-18', '5:42', '6:16');
insert into [Stream] (id, Sensorid, [date], [start], [end]) values (94, 2, '2023-03-21', '6:17', '19:03');
insert into [Stream] (id, Sensorid, [date], [start], [end]) values (95, 41, '2020-03-05', '6:38', '13:41');
insert into [Stream] (id, Sensorid, [date], [start], [end]) values (96, 51, '2021-05-01', '11:28', '11:36');
insert into [Stream] (id, Sensorid, [date], [start], [end]) values (97, 5, '2021-06-24', '16:16', '16:21');
insert into [Stream] (id, Sensorid, [date], [start], [end]) values (98, 16, '2020-11-04', '21:11', '23:42');
insert into [Stream] (id, Sensorid, [date], [start], [end]) values (99, 76, '2022-08-07', '17:41', '22:51');
insert into [Stream] (id, Sensorid, [date], [start], [end]) values (100, 76, '2022-09-24', '23:00', '19:14');
SET IDENTITY_INSERT [Stream] OFF;
-- Steam Schedule
SET IDENTITY_INSERT [Stream Schedule] ON;
insert into [Stream Schedule] (id, Sensorid, Streamid, Clientid, [date], [time]) values (1, 59, 57, 2, '2023-12-23', '5:04');
insert into [Stream Schedule] (id, Sensorid, Streamid, Clientid, [date], [time]) values (2, 22, 91, 32, '2023-10-04', '0:47');
insert into [Stream Schedule] (id, Sensorid, Streamid, Clientid, [date], [time]) values (3, 1, 29, 53, '2023-07-17', '8:10');
insert into [Stream Schedule] (id, Sensorid, Streamid, Clientid, [date], [time]) values (4, 61, 21, 83, '2023-06-30', '9:28');
insert into [Stream Schedule] (id, Sensorid, Streamid, Clientid, [date], [time]) values (5, 57, 60, 82, '2023-08-27', '0:47');
insert into [Stream Schedule] (id, Sensorid, Streamid, Clientid, [date], [time]) values (6, 90, 27, 58, '2023-10-06', '1:49');
insert into [Stream Schedule] (id, Sensorid, Streamid, Clientid, [date], [time]) values (7, 47, 11, 61, '2023-10-24', '12:21');
insert into [Stream Schedule] (id, Sensorid, Streamid, Clientid, [date], [time]) values (8, 10, 1, 100, '2023-08-13', '23:18');
insert into [Stream Schedule] (id, Sensorid, Streamid, Clientid, [date], [time]) values (9, 66, 8, 14, '2023-07-27', '6:19');
insert into [Stream Schedule] (id, Sensorid, Streamid, Clientid, [date], [time]) values (10, 25, 87, 20, '2023-07-15', '21:47');
insert into [Stream Schedule] (id, Sensorid, Streamid, Clientid, [date], [time]) values (11, 50, 100, 36, '2023-08-01', '15:12');
insert into [Stream Schedule] (id, Sensorid, Streamid, Clientid, [date], [time]) values (12, 16, 85, 78, '2023-09-20', '15:10');
insert into [Stream Schedule] (id, Sensorid, Streamid, Clientid, [date], [time]) values (13, 97, 94, 90, '2023-10-05', '11:52');
insert into [Stream Schedule] (id, Sensorid, Streamid, Clientid, [date], [time]) values (14, 42, 51, 57, '2023-09-29', '15:48');
insert into [Stream Schedule] (id, Sensorid, Streamid, Clientid, [date], [time]) values (15, 2, 57, 55, '2023-11-27', '7:18');
insert into [Stream Schedule] (id, Sensorid, Streamid, Clientid, [date], [time]) values (16, 56, 54, 85, '2023-12-24', '15:49');
insert into [Stream Schedule] (id, Sensorid, Streamid, Clientid, [date], [time]) values (17, 97, 24, 9, '2023-07-28', '9:20');
insert into [Stream Schedule] (id, Sensorid, Streamid, Clientid, [date], [time]) values (18, 24, 10, 9, '2023-09-15', '10:59');
insert into [Stream Schedule] (id, Sensorid, Streamid, Clientid, [date], [time]) values (19, 4, 29, 1, '2023-11-26', '10:48');
insert into [Stream Schedule] (id, Sensorid, Streamid, Clientid, [date], [time]) values (20, 89, 3, 80, '2023-12-14', '23:26');
insert into [Stream Schedule] (id, Sensorid, Streamid, Clientid, [date], [time]) values (21, 74, 77, 77, '2023-08-28', '14:35');
insert into [Stream Schedule] (id, Sensorid, Streamid, Clientid, [date], [time]) values (22, 90, 9, 95, '2023-08-04', '5:42');
insert into [Stream Schedule] (id, Sensorid, Streamid, Clientid, [date], [time]) values (23, 95, 46, 100, '2023-11-10', '16:20');
insert into [Stream Schedule] (id, Sensorid, Streamid, Clientid, [date], [time]) values (24, 65, 90, 63, '2023-08-30', '6:35');
insert into [Stream Schedule] (id, Sensorid, Streamid, Clientid, [date], [time]) values (25, 13, 63, 50, '2023-08-16', '11:02');
insert into [Stream Schedule] (id, Sensorid, Streamid, Clientid, [date], [time]) values (26, 84, 48, 100, '2023-07-23', '13:14');
insert into [Stream Schedule] (id, Sensorid, Streamid, Clientid, [date], [time]) values (27, 57, 2, 9, '2023-07-21', '18:39');
insert into [Stream Schedule] (id, Sensorid, Streamid, Clientid, [date], [time]) values (28, 23, 35, 57, '2023-11-08', '7:12');
insert into [Stream Schedule] (id, Sensorid, Streamid, Clientid, [date], [time]) values (29, 22, 83, 74, '2023-12-10', '1:02');
insert into [Stream Schedule] (id, Sensorid, Streamid, Clientid, [date], [time]) values (30, 81, 71, 61, '2023-08-17', '18:13');
insert into [Stream Schedule] (id, Sensorid, Streamid, Clientid, [date], [time]) values (31, 85, 58, 2, '2023-07-14', '0:14');
insert into [Stream Schedule] (id, Sensorid, Streamid, Clientid, [date], [time]) values (32, 40, 67, 91, '2023-10-24', '23:31');
insert into [Stream Schedule] (id, Sensorid, Streamid, Clientid, [date], [time]) values (33, 37, 69, 59, '2023-07-30', '5:05');
insert into [Stream Schedule] (id, Sensorid, Streamid, Clientid, [date], [time]) values (34, 69, 64, 39, '2023-09-16', '12:29');
insert into [Stream Schedule] (id, Sensorid, Streamid, Clientid, [date], [time]) values (35, 7, 31, 72, '2023-11-05', '18:40');
insert into [Stream Schedule] (id, Sensorid, Streamid, Clientid, [date], [time]) values (36, 71, 7, 15, '2023-08-27', '19:02');
insert into [Stream Schedule] (id, Sensorid, Streamid, Clientid, [date], [time]) values (37, 89, 63, 24, '2023-12-30', '0:26');
insert into [Stream Schedule] (id, Sensorid, Streamid, Clientid, [date], [time]) values (38, 62, 29, 20, '2023-11-28', '11:15');
insert into [Stream Schedule] (id, Sensorid, Streamid, Clientid, [date], [time]) values (39, 45, 76, 19, '2023-08-10', '21:18');
insert into [Stream Schedule] (id, Sensorid, Streamid, Clientid, [date], [time]) values (40, 10, 73, 61, '2023-10-16', '2:54');
insert into [Stream Schedule] (id, Sensorid, Streamid, Clientid, [date], [time]) values (41, 59, 89, 66, '2023-07-16', '17:40');
insert into [Stream Schedule] (id, Sensorid, Streamid, Clientid, [date], [time]) values (42, 54, 27, 19, '2023-11-12', '13:07');
insert into [Stream Schedule] (id, Sensorid, Streamid, Clientid, [date], [time]) values (43, 41, 53, 31, '2023-10-30', '16:37');
insert into [Stream Schedule] (id, Sensorid, Streamid, Clientid, [date], [time]) values (44, 16, 35, 51, '2023-07-28', '12:46');
insert into [Stream Schedule] (id, Sensorid, Streamid, Clientid, [date], [time]) values (45, 36, 70, 69, '2023-12-10', '3:21');
insert into [Stream Schedule] (id, Sensorid, Streamid, Clientid, [date], [time]) values (46, 41, 79, 74, '2023-11-03', '15:40');
insert into [Stream Schedule] (id, Sensorid, Streamid, Clientid, [date], [time]) values (47, 89, 68, 6, '2023-10-21', '8:23');
insert into [Stream Schedule] (id, Sensorid, Streamid, Clientid, [date], [time]) values (48, 36, 42, 90, '2023-08-28', '23:03');
insert into [Stream Schedule] (id, Sensorid, Streamid, Clientid, [date], [time]) values (49, 100, 72, 80, '2023-09-04', '17:39');
insert into [Stream Schedule] (id, Sensorid, Streamid, Clientid, [date], [time]) values (50, 7, 58, 99, '2023-08-23', '4:48');
insert into [Stream Schedule] (id, Sensorid, Streamid, Clientid, [date], [time]) values (51, 57, 15, 70, '2023-12-15', '23:27');
insert into [Stream Schedule] (id, Sensorid, Streamid, Clientid, [date], [time]) values (52, 51, 54, 65, '2023-08-27', '4:37');
insert into [Stream Schedule] (id, Sensorid, Streamid, Clientid, [date], [time]) values (53, 87, 24, 14, '2023-11-12', '13:04');
insert into [Stream Schedule] (id, Sensorid, Streamid, Clientid, [date], [time]) values (54, 23, 54, 83, '2023-08-06', '11:37');
insert into [Stream Schedule] (id, Sensorid, Streamid, Clientid, [date], [time]) values (55, 86, 85, 13, '2023-07-30', '8:03');
insert into [Stream Schedule] (id, Sensorid, Streamid, Clientid, [date], [time]) values (56, 25, 73, 63, '2023-09-24', '21:17');
insert into [Stream Schedule] (id, Sensorid, Streamid, Clientid, [date], [time]) values (57, 90, 47, 18, '2023-07-21', '8:56');
insert into [Stream Schedule] (id, Sensorid, Streamid, Clientid, [date], [time]) values (58, 26, 91, 92, '2023-08-15', '23:23');
insert into [Stream Schedule] (id, Sensorid, Streamid, Clientid, [date], [time]) values (59, 79, 87, 11, '2023-09-04', '9:17');
insert into [Stream Schedule] (id, Sensorid, Streamid, Clientid, [date], [time]) values (60, 98, 59, 97, '2023-07-09', '22:24');
insert into [Stream Schedule] (id, Sensorid, Streamid, Clientid, [date], [time]) values (61, 4, 42, 72, '2023-11-09', '19:28');
insert into [Stream Schedule] (id, Sensorid, Streamid, Clientid, [date], [time]) values (62, 25, 87, 79, '2023-10-11', '23:53');
insert into [Stream Schedule] (id, Sensorid, Streamid, Clientid, [date], [time]) values (63, 44, 10, 78, '2023-08-06', '20:58');
insert into [Stream Schedule] (id, Sensorid, Streamid, Clientid, [date], [time]) values (64, 9, 10, 29, '2023-07-14', '3:35');
insert into [Stream Schedule] (id, Sensorid, Streamid, Clientid, [date], [time]) values (65, 7, 53, 80, '2023-09-28', '7:58');
insert into [Stream Schedule] (id, Sensorid, Streamid, Clientid, [date], [time]) values (66, 73, 17, 85, '2023-12-15', '2:53');
insert into [Stream Schedule] (id, Sensorid, Streamid, Clientid, [date], [time]) values (67, 6, 69, 97, '2023-10-06', '9:23');
insert into [Stream Schedule] (id, Sensorid, Streamid, Clientid, [date], [time]) values (68, 50, 68, 62, '2023-07-20', '3:53');
insert into [Stream Schedule] (id, Sensorid, Streamid, Clientid, [date], [time]) values (69, 90, 45, 52, '2023-08-17', '3:04');
insert into [Stream Schedule] (id, Sensorid, Streamid, Clientid, [date], [time]) values (70, 48, 39, 26, '2023-12-24', '3:31');
insert into [Stream Schedule] (id, Sensorid, Streamid, Clientid, [date], [time]) values (71, 21, 44, 49, '2023-11-02', '15:33');
insert into [Stream Schedule] (id, Sensorid, Streamid, Clientid, [date], [time]) values (72, 96, 85, 28, '2023-09-29', '6:29');
insert into [Stream Schedule] (id, Sensorid, Streamid, Clientid, [date], [time]) values (73, 94, 89, 61, '2023-10-10', '11:38');
insert into [Stream Schedule] (id, Sensorid, Streamid, Clientid, [date], [time]) values (74, 67, 26, 35, '2023-09-11', '12:30');
insert into [Stream Schedule] (id, Sensorid, Streamid, Clientid, [date], [time]) values (75, 83, 72, 32, '2023-09-08', '4:12');
insert into [Stream Schedule] (id, Sensorid, Streamid, Clientid, [date], [time]) values (76, 59, 30, 43, '2023-10-21', '14:24');
insert into [Stream Schedule] (id, Sensorid, Streamid, Clientid, [date], [time]) values (77, 79, 88, 11, '2023-07-13', '14:35');
insert into [Stream Schedule] (id, Sensorid, Streamid, Clientid, [date], [time]) values (78, 30, 100, 69, '2023-08-29', '11:19');
insert into [Stream Schedule] (id, Sensorid, Streamid, Clientid, [date], [time]) values (79, 40, 24, 27, '2023-08-11', '7:33');
insert into [Stream Schedule] (id, Sensorid, Streamid, Clientid, [date], [time]) values (80, 57, 27, 45, '2023-09-27', '9:07');
insert into [Stream Schedule] (id, Sensorid, Streamid, Clientid, [date], [time]) values (81, 41, 30, 48, '2023-11-16', '11:47');
insert into [Stream Schedule] (id, Sensorid, Streamid, Clientid, [date], [time]) values (82, 44, 16, 24, '2023-11-02', '11:15');
insert into [Stream Schedule] (id, Sensorid, Streamid, Clientid, [date], [time]) values (83, 61, 57, 25, '2023-08-20', '19:49');
insert into [Stream Schedule] (id, Sensorid, Streamid, Clientid, [date], [time]) values (84, 12, 15, 15, '2023-11-23', '17:19');
insert into [Stream Schedule] (id, Sensorid, Streamid, Clientid, [date], [time]) values (85, 14, 95, 26, '2023-08-10', '9:21');
insert into [Stream Schedule] (id, Sensorid, Streamid, Clientid, [date], [time]) values (86, 22, 82, 31, '2023-09-20', '2:22');
insert into [Stream Schedule] (id, Sensorid, Streamid, Clientid, [date], [time]) values (87, 80, 75, 9, '2023-12-24', '7:38');
insert into [Stream Schedule] (id, Sensorid, Streamid, Clientid, [date], [time]) values (88, 5, 14, 66, '2023-07-29', '5:56');
insert into [Stream Schedule] (id, Sensorid, Streamid, Clientid, [date], [time]) values (89, 82, 7, 62, '2023-12-28', '23:16');
insert into [Stream Schedule] (id, Sensorid, Streamid, Clientid, [date], [time]) values (90, 51, 24, 27, '2023-11-05', '10:46');
insert into [Stream Schedule] (id, Sensorid, Streamid, Clientid, [date], [time]) values (91, 78, 13, 89, '2023-07-26', '10:35');
insert into [Stream Schedule] (id, Sensorid, Streamid, Clientid, [date], [time]) values (92, 94, 40, 45, '2023-07-14', '11:30');
insert into [Stream Schedule] (id, Sensorid, Streamid, Clientid, [date], [time]) values (93, 98, 51, 62, '2023-07-10', '14:21');
insert into [Stream Schedule] (id, Sensorid, Streamid, Clientid, [date], [time]) values (94, 66, 45, 56, '2023-08-19', '6:27');
insert into [Stream Schedule] (id, Sensorid, Streamid, Clientid, [date], [time]) values (95, 94, 35, 96, '2023-07-21', '4:41');
insert into [Stream Schedule] (id, Sensorid, Streamid, Clientid, [date], [time]) values (96, 90, 31, 10, '2023-08-11', '9:27');
insert into [Stream Schedule] (id, Sensorid, Streamid, Clientid, [date], [time]) values (97, 2, 44, 70, '2023-07-24', '23:22');
insert into [Stream Schedule] (id, Sensorid, Streamid, Clientid, [date], [time]) values (98, 54, 40, 35, '2023-09-24', '21:31');
insert into [Stream Schedule] (id, Sensorid, Streamid, Clientid, [date], [time]) values (99, 6, 98, 72, '2023-10-29', '19:50');
insert into [Stream Schedule] (id, Sensorid, Streamid, Clientid, [date], [time]) values (100, 8, 42, 80, '2023-10-13', '15:47');
SET IDENTITY_INSERT [Stream Schedule] OFF;
-- Standard
insert into [Standard] (Subscriptionid, Levelsid, Streamid) values (1, 1, 65);
insert into [Standard] (Subscriptionid, Levelsid, Streamid) values (2, 1, 53);
insert into [Standard] (Subscriptionid, Levelsid, Streamid) values (3, 1, 48);
insert into [Standard] (Subscriptionid, Levelsid, Streamid) values (4, 1, 21);
insert into [Standard] (Subscriptionid, Levelsid, Streamid) values (5, 1, 77);
insert into [Standard] (Subscriptionid, Levelsid, Streamid) values (6, 1, 42);
insert into [Standard] (Subscriptionid, Levelsid, Streamid) values (7, 1, 98);
insert into [Standard] (Subscriptionid, Levelsid, Streamid) values (8, 1, 93);
insert into [Standard] (Subscriptionid, Levelsid, Streamid) values (9, 1, 86);
insert into [Standard] (Subscriptionid, Levelsid, Streamid) values (10, 1, 66);
insert into [Standard] (Subscriptionid, Levelsid, Streamid) values (11, 1, 54);
insert into [Standard] (Subscriptionid, Levelsid, Streamid) values (12, 1, 23);
insert into [Standard] (Subscriptionid, Levelsid, Streamid) values (13, 1, 42);
insert into [Standard] (Subscriptionid, Levelsid, Streamid) values (14, 1, 25);
insert into [Standard] (Subscriptionid, Levelsid, Streamid) values (15, 1, 38);
insert into [Standard] (Subscriptionid, Levelsid, Streamid) values (16, 1, 25);
insert into [Standard] (Subscriptionid, Levelsid, Streamid) values (17, 1, 68);
insert into [Standard] (Subscriptionid, Levelsid, Streamid) values (18, 1, 62);
insert into [Standard] (Subscriptionid, Levelsid, Streamid) values (19, 1, 9);
insert into [Standard] (Subscriptionid, Levelsid, Streamid) values (20, 1, 11);
insert into [Standard] (Subscriptionid, Levelsid, Streamid) values (21, 1, 100);
insert into [Standard] (Subscriptionid, Levelsid, Streamid) values (22, 1, 85);
insert into [Standard] (Subscriptionid, Levelsid, Streamid) values (23, 1, 29);
insert into [Standard] (Subscriptionid, Levelsid, Streamid) values (24, 1, 49);
insert into [Standard] (Subscriptionid, Levelsid, Streamid) values (25, 1, 66);
insert into [Standard] (Subscriptionid, Levelsid, Streamid) values (26, 1, 6);
insert into [Standard] (Subscriptionid, Levelsid, Streamid) values (27, 1, 49);
insert into [Standard] (Subscriptionid, Levelsid, Streamid) values (28, 1, 53);
insert into [Standard] (Subscriptionid, Levelsid, Streamid) values (29, 1, 88);
insert into [Standard] (Subscriptionid, Levelsid, Streamid) values (30, 1, 96);
insert into [Standard] (Subscriptionid, Levelsid, Streamid) values (31, 1, 18);
insert into [Standard] (Subscriptionid, Levelsid, Streamid) values (32, 1, 90);
insert into [Standard] (Subscriptionid, Levelsid, Streamid) values (33, 1, 49);
insert into [Standard] (Subscriptionid, Levelsid, Streamid) values (34, 1, 55);
insert into [Standard] (Subscriptionid, Levelsid, Streamid) values (35, 1, 52);
insert into [Standard] (Subscriptionid, Levelsid, Streamid) values (36, 1, 69);
insert into [Standard] (Subscriptionid, Levelsid, Streamid) values (37, 1, 8);
insert into [Standard] (Subscriptionid, Levelsid, Streamid) values (38, 1, 72);
insert into [Standard] (Subscriptionid, Levelsid, Streamid) values (39, 1, 96);
insert into [Standard] (Subscriptionid, Levelsid, Streamid) values (40, 1, 89);
insert into [Standard] (Subscriptionid, Levelsid, Streamid) values (41, 1, 22);
insert into [Standard] (Subscriptionid, Levelsid, Streamid) values (42, 1, 91);
insert into [Standard] (Subscriptionid, Levelsid, Streamid) values (43, 1, 21);
insert into [Standard] (Subscriptionid, Levelsid, Streamid) values (44, 1, 97);
insert into [Standard] (Subscriptionid, Levelsid, Streamid) values (45, 1, 4);
insert into [Standard] (Subscriptionid, Levelsid, Streamid) values (46, 1, 1);
insert into [Standard] (Subscriptionid, Levelsid, Streamid) values (47, 1, 69);
insert into [Standard] (Subscriptionid, Levelsid, Streamid) values (48, 1, 69);
insert into [Standard] (Subscriptionid, Levelsid, Streamid) values (49, 1, 70);
insert into [Standard] (Subscriptionid, Levelsid, Streamid) values (50, 1, 95);
insert into [Standard] (Subscriptionid, Levelsid, Streamid) values (51, 1, 30);
insert into [Standard] (Subscriptionid, Levelsid, Streamid) values (52, 1, 9);
insert into [Standard] (Subscriptionid, Levelsid, Streamid) values (53, 1, 61);
insert into [Standard] (Subscriptionid, Levelsid, Streamid) values (54, 1, 79);
insert into [Standard] (Subscriptionid, Levelsid, Streamid) values (55, 1, 81);
insert into [Standard] (Subscriptionid, Levelsid, Streamid) values (56, 1, 49);
insert into [Standard] (Subscriptionid, Levelsid, Streamid) values (57, 1, 61);
insert into [Standard] (Subscriptionid, Levelsid, Streamid) values (58, 1, 96);
insert into [Standard] (Subscriptionid, Levelsid, Streamid) values (59, 1, 31);
insert into [Standard] (Subscriptionid, Levelsid, Streamid) values (60, 1, 51);
insert into [Standard] (Subscriptionid, Levelsid, Streamid) values (61, 1, 31);
insert into [Standard] (Subscriptionid, Levelsid, Streamid) values (62, 1, 84);
insert into [Standard] (Subscriptionid, Levelsid, Streamid) values (63, 1, 72);
insert into [Standard] (Subscriptionid, Levelsid, Streamid) values (64, 1, 100);
insert into [Standard] (Subscriptionid, Levelsid, Streamid) values (65, 1, 80);
insert into [Standard] (Subscriptionid, Levelsid, Streamid) values (66, 1, 66);
insert into [Standard] (Subscriptionid, Levelsid, Streamid) values (67, 1, 9);
insert into [Standard] (Subscriptionid, Levelsid, Streamid) values (68, 1, 76);
insert into [Standard] (Subscriptionid, Levelsid, Streamid) values (69, 1, 33);
insert into [Standard] (Subscriptionid, Levelsid, Streamid) values (70, 1, 88);
insert into [Standard] (Subscriptionid, Levelsid, Streamid) values (71, 1, 70);
insert into [Standard] (Subscriptionid, Levelsid, Streamid) values (72, 1, 34);
insert into [Standard] (Subscriptionid, Levelsid, Streamid) values (73, 1, 47);
insert into [Standard] (Subscriptionid, Levelsid, Streamid) values (74, 1, 59);
insert into [Standard] (Subscriptionid, Levelsid, Streamid) values (75, 1, 8);
insert into [Standard] (Subscriptionid, Levelsid, Streamid) values (76, 1, 88);
insert into [Standard] (Subscriptionid, Levelsid, Streamid) values (77, 1, 6);
insert into [Standard] (Subscriptionid, Levelsid, Streamid) values (78, 1, 94);
insert into [Standard] (Subscriptionid, Levelsid, Streamid) values (79, 1, 69);
insert into [Standard] (Subscriptionid, Levelsid, Streamid) values (80, 1, 16);
insert into [Standard] (Subscriptionid, Levelsid, Streamid) values (81, 1, 98);
insert into [Standard] (Subscriptionid, Levelsid, Streamid) values (82, 1, 8);
insert into [Standard] (Subscriptionid, Levelsid, Streamid) values (83, 1, 68);
insert into [Standard] (Subscriptionid, Levelsid, Streamid) values (84, 1, 79);
insert into [Standard] (Subscriptionid, Levelsid, Streamid) values (85, 1, 65);
insert into [Standard] (Subscriptionid, Levelsid, Streamid) values (86, 1, 33);
insert into [Standard] (Subscriptionid, Levelsid, Streamid) values (87, 1, 90);
insert into [Standard] (Subscriptionid, Levelsid, Streamid) values (88, 1, 32);
insert into [Standard] (Subscriptionid, Levelsid, Streamid) values (89, 1, 16);
insert into [Standard] (Subscriptionid, Levelsid, Streamid) values (90, 1, 3);
insert into [Standard] (Subscriptionid, Levelsid, Streamid) values (91, 1, 50);
insert into [Standard] (Subscriptionid, Levelsid, Streamid) values (92, 1, 45);
insert into [Standard] (Subscriptionid, Levelsid, Streamid) values (93, 1, 62);
insert into [Standard] (Subscriptionid, Levelsid, Streamid) values (94, 1, 82);
insert into [Standard] (Subscriptionid, Levelsid, Streamid) values (95, 1, 14);
insert into [Standard] (Subscriptionid, Levelsid, Streamid) values (96, 1, 10);
insert into [Standard] (Subscriptionid, Levelsid, Streamid) values (97, 1, 42);
insert into [Standard] (Subscriptionid, Levelsid, Streamid) values (98, 1, 28);
insert into [Standard] (Subscriptionid, Levelsid, Streamid) values (99, 1, 1);
insert into [Standard] (Subscriptionid, Levelsid, Streamid) values (100, 1, 28);
-- Gold
insert into [Gold] (StandardSubscriptionid, Standardlevelsid, Streamid) values (1, 2, 6);
insert into [Gold] (StandardSubscriptionid, Standardlevelsid, Streamid) values (2, 2, 98);
insert into [Gold] (StandardSubscriptionid, Standardlevelsid, Streamid) values (3, 2, 53);
insert into [Gold] (StandardSubscriptionid, Standardlevelsid, Streamid) values (4, 2, 86);
insert into [Gold] (StandardSubscriptionid, Standardlevelsid, Streamid) values (5, 2, 26);
insert into [Gold] (StandardSubscriptionid, Standardlevelsid, Streamid) values (6, 2, 21);
insert into [Gold] (StandardSubscriptionid, Standardlevelsid, Streamid) values (7, 2, 78);
insert into [Gold] (StandardSubscriptionid, Standardlevelsid, Streamid) values (8, 2, 9);
insert into [Gold] (StandardSubscriptionid, Standardlevelsid, Streamid) values (9, 2, 29);
insert into [Gold] (StandardSubscriptionid, Standardlevelsid, Streamid) values (10, 2, 40);
insert into [Gold] (StandardSubscriptionid, Standardlevelsid, Streamid) values (11, 2, 84);
insert into [Gold] (StandardSubscriptionid, Standardlevelsid, Streamid) values (12, 2, 97);
insert into [Gold] (StandardSubscriptionid, Standardlevelsid, Streamid) values (13, 2, 30);
insert into [Gold] (StandardSubscriptionid, Standardlevelsid, Streamid) values (14, 2, 67);
insert into [Gold] (StandardSubscriptionid, Standardlevelsid, Streamid) values (15, 2, 10);
insert into [Gold] (StandardSubscriptionid, Standardlevelsid, Streamid) values (16, 2, 62);
insert into [Gold] (StandardSubscriptionid, Standardlevelsid, Streamid) values (17, 2, 82);
insert into [Gold] (StandardSubscriptionid, Standardlevelsid, Streamid) values (18, 2, 84);
insert into [Gold] (StandardSubscriptionid, Standardlevelsid, Streamid) values (19, 2, 67);
insert into [Gold] (StandardSubscriptionid, Standardlevelsid, Streamid) values (20, 2, 76);
insert into [Gold] (StandardSubscriptionid, Standardlevelsid, Streamid) values (21, 2, 94);
insert into [Gold] (StandardSubscriptionid, Standardlevelsid, Streamid) values (22, 2, 39);
insert into [Gold] (StandardSubscriptionid, Standardlevelsid, Streamid) values (23, 2, 88);
insert into [Gold] (StandardSubscriptionid, Standardlevelsid, Streamid) values (24, 2, 80);
insert into [Gold] (StandardSubscriptionid, Standardlevelsid, Streamid) values (25, 2, 97);
insert into [Gold] (StandardSubscriptionid, Standardlevelsid, Streamid) values (26, 2, 12);
insert into [Gold] (StandardSubscriptionid, Standardlevelsid, Streamid) values (27, 2, 100);
insert into [Gold] (StandardSubscriptionid, Standardlevelsid, Streamid) values (28, 2, 78);
insert into [Gold] (StandardSubscriptionid, Standardlevelsid, Streamid) values (29, 2, 53);
insert into [Gold] (StandardSubscriptionid, Standardlevelsid, Streamid) values (30, 2, 73);
insert into [Gold] (StandardSubscriptionid, Standardlevelsid, Streamid) values (31, 2, 11);
insert into [Gold] (StandardSubscriptionid, Standardlevelsid, Streamid) values (32, 2, 44);
insert into [Gold] (StandardSubscriptionid, Standardlevelsid, Streamid) values (33, 2, 24);
insert into [Gold] (StandardSubscriptionid, Standardlevelsid, Streamid) values (34, 2, 51);
insert into [Gold] (StandardSubscriptionid, Standardlevelsid, Streamid) values (35, 2, 56);
insert into [Gold] (StandardSubscriptionid, Standardlevelsid, Streamid) values (36, 2, 47);
insert into [Gold] (StandardSubscriptionid, Standardlevelsid, Streamid) values (37, 2, 30);
insert into [Gold] (StandardSubscriptionid, Standardlevelsid, Streamid) values (38, 2, 99);
insert into [Gold] (StandardSubscriptionid, Standardlevelsid, Streamid) values (39, 2, 39);
insert into [Gold] (StandardSubscriptionid, Standardlevelsid, Streamid) values (40, 2, 68);
insert into [Gold] (StandardSubscriptionid, Standardlevelsid, Streamid) values (41, 2, 7);
insert into [Gold] (StandardSubscriptionid, Standardlevelsid, Streamid) values (42, 2, 90);
insert into [Gold] (StandardSubscriptionid, Standardlevelsid, Streamid) values (43, 2, 40);
insert into [Gold] (StandardSubscriptionid, Standardlevelsid, Streamid) values (44, 2, 87);
insert into [Gold] (StandardSubscriptionid, Standardlevelsid, Streamid) values (45, 2, 97);
insert into [Gold] (StandardSubscriptionid, Standardlevelsid, Streamid) values (46, 2, 31);
insert into [Gold] (StandardSubscriptionid, Standardlevelsid, Streamid) values (47, 2, 54);
insert into [Gold] (StandardSubscriptionid, Standardlevelsid, Streamid) values (48, 2, 71);
insert into [Gold] (StandardSubscriptionid, Standardlevelsid, Streamid) values (49, 2, 87);
insert into [Gold] (StandardSubscriptionid, Standardlevelsid, Streamid) values (50, 2, 1);
insert into [Gold] (StandardSubscriptionid, Standardlevelsid, Streamid) values (51, 2, 46);
insert into [Gold] (StandardSubscriptionid, Standardlevelsid, Streamid) values (52, 2, 69);
insert into [Gold] (StandardSubscriptionid, Standardlevelsid, Streamid) values (53, 2, 63);
insert into [Gold] (StandardSubscriptionid, Standardlevelsid, Streamid) values (54, 2, 46);
insert into [Gold] (StandardSubscriptionid, Standardlevelsid, Streamid) values (55, 2, 6);
insert into [Gold] (StandardSubscriptionid, Standardlevelsid, Streamid) values (56, 2, 35);
insert into [Gold] (StandardSubscriptionid, Standardlevelsid, Streamid) values (57, 2, 83);
insert into [Gold] (StandardSubscriptionid, Standardlevelsid, Streamid) values (58, 2, 85);
insert into [Gold] (StandardSubscriptionid, Standardlevelsid, Streamid) values (59, 2, 82);
insert into [Gold] (StandardSubscriptionid, Standardlevelsid, Streamid) values (60, 2, 58);
insert into [Gold] (StandardSubscriptionid, Standardlevelsid, Streamid) values (61, 2, 85);
insert into [Gold] (StandardSubscriptionid, Standardlevelsid, Streamid) values (62, 2, 83);
insert into [Gold] (StandardSubscriptionid, Standardlevelsid, Streamid) values (63, 2, 65);
insert into [Gold] (StandardSubscriptionid, Standardlevelsid, Streamid) values (64, 2, 57);
insert into [Gold] (StandardSubscriptionid, Standardlevelsid, Streamid) values (65, 2, 48);
insert into [Gold] (StandardSubscriptionid, Standardlevelsid, Streamid) values (66, 2, 34);
insert into [Gold] (StandardSubscriptionid, Standardlevelsid, Streamid) values (67, 2, 74);
insert into [Gold] (StandardSubscriptionid, Standardlevelsid, Streamid) values (68, 2, 44);
insert into [Gold] (StandardSubscriptionid, Standardlevelsid, Streamid) values (69, 2, 56);
insert into [Gold] (StandardSubscriptionid, Standardlevelsid, Streamid) values (70, 2, 69);
insert into [Gold] (StandardSubscriptionid, Standardlevelsid, Streamid) values (71, 2, 70);
insert into [Gold] (StandardSubscriptionid, Standardlevelsid, Streamid) values (72, 2, 79);
insert into [Gold] (StandardSubscriptionid, Standardlevelsid, Streamid) values (73, 2, 11);
insert into [Gold] (StandardSubscriptionid, Standardlevelsid, Streamid) values (74, 2, 47);
insert into [Gold] (StandardSubscriptionid, Standardlevelsid, Streamid) values (75, 2, 4);
insert into [Gold] (StandardSubscriptionid, Standardlevelsid, Streamid) values (76, 2, 89);
insert into [Gold] (StandardSubscriptionid, Standardlevelsid, Streamid) values (77, 2, 1);
insert into [Gold] (StandardSubscriptionid, Standardlevelsid, Streamid) values (78, 2, 97);
insert into [Gold] (StandardSubscriptionid, Standardlevelsid, Streamid) values (79, 2, 2);
insert into [Gold] (StandardSubscriptionid, Standardlevelsid, Streamid) values (80, 2, 33);
insert into [Gold] (StandardSubscriptionid, Standardlevelsid, Streamid) values (81, 2, 72);
insert into [Gold] (StandardSubscriptionid, Standardlevelsid, Streamid) values (82, 2, 42);
insert into [Gold] (StandardSubscriptionid, Standardlevelsid, Streamid) values (83, 2, 91);
insert into [Gold] (StandardSubscriptionid, Standardlevelsid, Streamid) values (84, 2, 48);
insert into [Gold] (StandardSubscriptionid, Standardlevelsid, Streamid) values (85, 2, 32);
insert into [Gold] (StandardSubscriptionid, Standardlevelsid, Streamid) values (86, 2, 97);
insert into [Gold] (StandardSubscriptionid, Standardlevelsid, Streamid) values (87, 2, 73);
insert into [Gold] (StandardSubscriptionid, Standardlevelsid, Streamid) values (88, 2, 86);
insert into [Gold] (StandardSubscriptionid, Standardlevelsid, Streamid) values (89, 2, 8);
insert into [Gold] (StandardSubscriptionid, Standardlevelsid, Streamid) values (90, 2, 69);
insert into [Gold] (StandardSubscriptionid, Standardlevelsid, Streamid) values (91, 2, 71);
insert into [Gold] (StandardSubscriptionid, Standardlevelsid, Streamid) values (92, 2, 27);
insert into [Gold] (StandardSubscriptionid, Standardlevelsid, Streamid) values (93, 2, 28);
insert into [Gold] (StandardSubscriptionid, Standardlevelsid, Streamid) values (94, 2, 79);
insert into [Gold] (StandardSubscriptionid, Standardlevelsid, Streamid) values (95, 2, 36);
insert into [Gold] (StandardSubscriptionid, Standardlevelsid, Streamid) values (96, 2, 11);
insert into [Gold] (StandardSubscriptionid, Standardlevelsid, Streamid) values (97, 2, 3);
insert into [Gold] (StandardSubscriptionid, Standardlevelsid, Streamid) values (98, 2, 43);
insert into [Gold] (StandardSubscriptionid, Standardlevelsid, Streamid) values (99, 2, 54);
insert into [Gold] (StandardSubscriptionid, Standardlevelsid, Streamid) values (100, 2, 21);
-- Platinum
insert into [Platinum] (GoldStandardSubscriptionid, GoldStandardlevelsid) values (1, 3);
insert into [Platinum] (GoldStandardSubscriptionid, GoldStandardlevelsid) values (2, 3);
insert into [Platinum] (GoldStandardSubscriptionid, GoldStandardlevelsid) values (3, 3);
insert into [Platinum] (GoldStandardSubscriptionid, GoldStandardlevelsid) values (4, 3);
insert into [Platinum] (GoldStandardSubscriptionid, GoldStandardlevelsid) values (5, 3);
insert into [Platinum] (GoldStandardSubscriptionid, GoldStandardlevelsid) values (6, 3);
insert into [Platinum] (GoldStandardSubscriptionid, GoldStandardlevelsid) values (7, 3);
insert into [Platinum] (GoldStandardSubscriptionid, GoldStandardlevelsid) values (8, 3);
insert into [Platinum] (GoldStandardSubscriptionid, GoldStandardlevelsid) values (9, 3);
insert into [Platinum] (GoldStandardSubscriptionid, GoldStandardlevelsid) values (10, 3);
insert into [Platinum] (GoldStandardSubscriptionid, GoldStandardlevelsid) values (11, 3);
insert into [Platinum] (GoldStandardSubscriptionid, GoldStandardlevelsid) values (12, 3);
insert into [Platinum] (GoldStandardSubscriptionid, GoldStandardlevelsid) values (13, 3);
insert into [Platinum] (GoldStandardSubscriptionid, GoldStandardlevelsid) values (14, 3);
insert into [Platinum] (GoldStandardSubscriptionid, GoldStandardlevelsid) values (15, 3);
insert into [Platinum] (GoldStandardSubscriptionid, GoldStandardlevelsid) values (16, 3);
insert into [Platinum] (GoldStandardSubscriptionid, GoldStandardlevelsid) values (17, 3);
insert into [Platinum] (GoldStandardSubscriptionid, GoldStandardlevelsid) values (18, 3);
insert into [Platinum] (GoldStandardSubscriptionid, GoldStandardlevelsid) values (19, 3);
insert into [Platinum] (GoldStandardSubscriptionid, GoldStandardlevelsid) values (20, 3);
insert into [Platinum] (GoldStandardSubscriptionid, GoldStandardlevelsid) values (21, 3);
insert into [Platinum] (GoldStandardSubscriptionid, GoldStandardlevelsid) values (22, 3);
insert into [Platinum] (GoldStandardSubscriptionid, GoldStandardlevelsid) values (23, 3);
insert into [Platinum] (GoldStandardSubscriptionid, GoldStandardlevelsid) values (24, 3);
insert into [Platinum] (GoldStandardSubscriptionid, GoldStandardlevelsid) values (25, 3);
insert into [Platinum] (GoldStandardSubscriptionid, GoldStandardlevelsid) values (26, 3);
insert into [Platinum] (GoldStandardSubscriptionid, GoldStandardlevelsid) values (27, 3);
insert into [Platinum] (GoldStandardSubscriptionid, GoldStandardlevelsid) values (28, 3);
insert into [Platinum] (GoldStandardSubscriptionid, GoldStandardlevelsid) values (29, 3);
insert into [Platinum] (GoldStandardSubscriptionid, GoldStandardlevelsid) values (30, 3);
insert into [Platinum] (GoldStandardSubscriptionid, GoldStandardlevelsid) values (31, 3);
insert into [Platinum] (GoldStandardSubscriptionid, GoldStandardlevelsid) values (32, 3);
insert into [Platinum] (GoldStandardSubscriptionid, GoldStandardlevelsid) values (33, 3);
insert into [Platinum] (GoldStandardSubscriptionid, GoldStandardlevelsid) values (34, 3);
insert into [Platinum] (GoldStandardSubscriptionid, GoldStandardlevelsid) values (35, 3);
insert into [Platinum] (GoldStandardSubscriptionid, GoldStandardlevelsid) values (36, 3);
insert into [Platinum] (GoldStandardSubscriptionid, GoldStandardlevelsid) values (37, 3);
insert into [Platinum] (GoldStandardSubscriptionid, GoldStandardlevelsid) values (38, 3);
insert into [Platinum] (GoldStandardSubscriptionid, GoldStandardlevelsid) values (39, 3);
insert into [Platinum] (GoldStandardSubscriptionid, GoldStandardlevelsid) values (40, 3);
insert into [Platinum] (GoldStandardSubscriptionid, GoldStandardlevelsid) values (41, 3);
insert into [Platinum] (GoldStandardSubscriptionid, GoldStandardlevelsid) values (42, 3);
insert into [Platinum] (GoldStandardSubscriptionid, GoldStandardlevelsid) values (43, 3);
insert into [Platinum] (GoldStandardSubscriptionid, GoldStandardlevelsid) values (44, 3);
insert into [Platinum] (GoldStandardSubscriptionid, GoldStandardlevelsid) values (45, 3);
insert into [Platinum] (GoldStandardSubscriptionid, GoldStandardlevelsid) values (46, 3);
insert into [Platinum] (GoldStandardSubscriptionid, GoldStandardlevelsid) values (47, 3);
insert into [Platinum] (GoldStandardSubscriptionid, GoldStandardlevelsid) values (48, 3);
insert into [Platinum] (GoldStandardSubscriptionid, GoldStandardlevelsid) values (49, 3);
insert into [Platinum] (GoldStandardSubscriptionid, GoldStandardlevelsid) values (50, 3);
insert into [Platinum] (GoldStandardSubscriptionid, GoldStandardlevelsid) values (51, 3);
insert into [Platinum] (GoldStandardSubscriptionid, GoldStandardlevelsid) values (52, 3);
insert into [Platinum] (GoldStandardSubscriptionid, GoldStandardlevelsid) values (53, 3);
insert into [Platinum] (GoldStandardSubscriptionid, GoldStandardlevelsid) values (54, 3);
insert into [Platinum] (GoldStandardSubscriptionid, GoldStandardlevelsid) values (55, 3);
insert into [Platinum] (GoldStandardSubscriptionid, GoldStandardlevelsid) values (56, 3);
insert into [Platinum] (GoldStandardSubscriptionid, GoldStandardlevelsid) values (57, 3);
insert into [Platinum] (GoldStandardSubscriptionid, GoldStandardlevelsid) values (58, 3);
insert into [Platinum] (GoldStandardSubscriptionid, GoldStandardlevelsid) values (59, 3);
insert into [Platinum] (GoldStandardSubscriptionid, GoldStandardlevelsid) values (60, 3);
insert into [Platinum] (GoldStandardSubscriptionid, GoldStandardlevelsid) values (61, 3);
insert into [Platinum] (GoldStandardSubscriptionid, GoldStandardlevelsid) values (62, 3);
insert into [Platinum] (GoldStandardSubscriptionid, GoldStandardlevelsid) values (63, 3);
insert into [Platinum] (GoldStandardSubscriptionid, GoldStandardlevelsid) values (64, 3);
insert into [Platinum] (GoldStandardSubscriptionid, GoldStandardlevelsid) values (65, 3);
insert into [Platinum] (GoldStandardSubscriptionid, GoldStandardlevelsid) values (66, 3);
insert into [Platinum] (GoldStandardSubscriptionid, GoldStandardlevelsid) values (67, 3);
insert into [Platinum] (GoldStandardSubscriptionid, GoldStandardlevelsid) values (68, 3);
insert into [Platinum] (GoldStandardSubscriptionid, GoldStandardlevelsid) values (69, 3);
insert into [Platinum] (GoldStandardSubscriptionid, GoldStandardlevelsid) values (70, 3);
insert into [Platinum] (GoldStandardSubscriptionid, GoldStandardlevelsid) values (71, 3);
insert into [Platinum] (GoldStandardSubscriptionid, GoldStandardlevelsid) values (72, 3);
insert into [Platinum] (GoldStandardSubscriptionid, GoldStandardlevelsid) values (73, 3);
insert into [Platinum] (GoldStandardSubscriptionid, GoldStandardlevelsid) values (74, 3);
insert into [Platinum] (GoldStandardSubscriptionid, GoldStandardlevelsid) values (75, 3);
insert into [Platinum] (GoldStandardSubscriptionid, GoldStandardlevelsid) values (76, 3);
insert into [Platinum] (GoldStandardSubscriptionid, GoldStandardlevelsid) values (77, 3);
insert into [Platinum] (GoldStandardSubscriptionid, GoldStandardlevelsid) values (78, 3);
insert into [Platinum] (GoldStandardSubscriptionid, GoldStandardlevelsid) values (79, 3);
insert into [Platinum] (GoldStandardSubscriptionid, GoldStandardlevelsid) values (80, 3);
insert into [Platinum] (GoldStandardSubscriptionid, GoldStandardlevelsid) values (81, 3);
insert into [Platinum] (GoldStandardSubscriptionid, GoldStandardlevelsid) values (82, 3);
insert into [Platinum] (GoldStandardSubscriptionid, GoldStandardlevelsid) values (83, 3);
insert into [Platinum] (GoldStandardSubscriptionid, GoldStandardlevelsid) values (84, 3);
insert into [Platinum] (GoldStandardSubscriptionid, GoldStandardlevelsid) values (85, 3);
insert into [Platinum] (GoldStandardSubscriptionid, GoldStandardlevelsid) values (86, 3);
insert into [Platinum] (GoldStandardSubscriptionid, GoldStandardlevelsid) values (87, 3);
insert into [Platinum] (GoldStandardSubscriptionid, GoldStandardlevelsid) values (88, 3);
insert into [Platinum] (GoldStandardSubscriptionid, GoldStandardlevelsid) values (89, 3);
insert into [Platinum] (GoldStandardSubscriptionid, GoldStandardlevelsid) values (90, 3);
insert into [Platinum] (GoldStandardSubscriptionid, GoldStandardlevelsid) values (91, 3);
insert into [Platinum] (GoldStandardSubscriptionid, GoldStandardlevelsid) values (92, 3);
insert into [Platinum] (GoldStandardSubscriptionid, GoldStandardlevelsid) values (93, 3);
insert into [Platinum] (GoldStandardSubscriptionid, GoldStandardlevelsid) values (94, 3);
insert into [Platinum] (GoldStandardSubscriptionid, GoldStandardlevelsid) values (95, 3);
insert into [Platinum] (GoldStandardSubscriptionid, GoldStandardlevelsid) values (96, 3);
insert into [Platinum] (GoldStandardSubscriptionid, GoldStandardlevelsid) values (97, 3);
insert into [Platinum] (GoldStandardSubscriptionid, GoldStandardlevelsid) values (98, 3);
insert into [Platinum] (GoldStandardSubscriptionid, GoldStandardlevelsid) values (99, 3);
insert into [Platinum] (GoldStandardSubscriptionid, GoldStandardlevelsid) values (100, 3);

-- Super Platinum
insert into [Super Platinum] (PlatinumGoldStandardSubscriptionid, PlatinumGoldStandardlevelsid, Zoneid) values (1, 3, 41);
insert into [Super Platinum] (PlatinumGoldStandardSubscriptionid, PlatinumGoldStandardlevelsid, Zoneid) values (2, 3, 32);
insert into [Super Platinum] (PlatinumGoldStandardSubscriptionid, PlatinumGoldStandardlevelsid, Zoneid) values (3, 3, 34);
insert into [Super Platinum] (PlatinumGoldStandardSubscriptionid, PlatinumGoldStandardlevelsid, Zoneid) values (4, 3, 22);
insert into [Super Platinum] (PlatinumGoldStandardSubscriptionid, PlatinumGoldStandardlevelsid, Zoneid) values (5, 3, 19);
insert into [Super Platinum] (PlatinumGoldStandardSubscriptionid, PlatinumGoldStandardlevelsid, Zoneid) values (6, 3, 4);
insert into [Super Platinum] (PlatinumGoldStandardSubscriptionid, PlatinumGoldStandardlevelsid, Zoneid) values (7, 3, 8);
insert into [Super Platinum] (PlatinumGoldStandardSubscriptionid, PlatinumGoldStandardlevelsid, Zoneid) values (8, 3, 21);
insert into [Super Platinum] (PlatinumGoldStandardSubscriptionid, PlatinumGoldStandardlevelsid, Zoneid) values (9, 3, 56);
insert into [Super Platinum] (PlatinumGoldStandardSubscriptionid, PlatinumGoldStandardlevelsid, Zoneid) values (10, 3, 91);
insert into [Super Platinum] (PlatinumGoldStandardSubscriptionid, PlatinumGoldStandardlevelsid, Zoneid) values (11, 3, 51);
insert into [Super Platinum] (PlatinumGoldStandardSubscriptionid, PlatinumGoldStandardlevelsid, Zoneid) values (12, 3, 54);
insert into [Super Platinum] (PlatinumGoldStandardSubscriptionid, PlatinumGoldStandardlevelsid, Zoneid) values (13, 3, 57);
insert into [Super Platinum] (PlatinumGoldStandardSubscriptionid, PlatinumGoldStandardlevelsid, Zoneid) values (14, 3, 60);
insert into [Super Platinum] (PlatinumGoldStandardSubscriptionid, PlatinumGoldStandardlevelsid, Zoneid) values (15, 3, 63);
insert into [Super Platinum] (PlatinumGoldStandardSubscriptionid, PlatinumGoldStandardlevelsid, Zoneid) values (16, 3, 66);
insert into [Super Platinum] (PlatinumGoldStandardSubscriptionid, PlatinumGoldStandardlevelsid, Zoneid) values (17, 3, 69);
insert into [Super Platinum] (PlatinumGoldStandardSubscriptionid, PlatinumGoldStandardlevelsid, Zoneid) values (18, 3, 72);
insert into [Super Platinum] (PlatinumGoldStandardSubscriptionid, PlatinumGoldStandardlevelsid, Zoneid) values (19, 3, 75);
insert into [Super Platinum] (PlatinumGoldStandardSubscriptionid, PlatinumGoldStandardlevelsid, Zoneid) values (20, 3, 78);
insert into [Super Platinum] (PlatinumGoldStandardSubscriptionid, PlatinumGoldStandardlevelsid, Zoneid) values (21, 3, 81);
insert into [Super Platinum] (PlatinumGoldStandardSubscriptionid, PlatinumGoldStandardlevelsid, Zoneid) values (22, 3, 84);
insert into [Super Platinum] (PlatinumGoldStandardSubscriptionid, PlatinumGoldStandardlevelsid, Zoneid) values (23, 3, 87);
insert into [Super Platinum] (PlatinumGoldStandardSubscriptionid, PlatinumGoldStandardlevelsid, Zoneid) values (24, 3, 90);
insert into [Super Platinum] (PlatinumGoldStandardSubscriptionid, PlatinumGoldStandardlevelsid, Zoneid) values (25, 3, 93);
insert into [Super Platinum] (PlatinumGoldStandardSubscriptionid, PlatinumGoldStandardlevelsid, Zoneid) values (26, 3, 96);
insert into [Super Platinum] (PlatinumGoldStandardSubscriptionid, PlatinumGoldStandardlevelsid, Zoneid) values (27, 3, 99);
-- Recording
SET IDENTITY_INSERT [Recording] ON;
insert into [Recording] (id, Streamid, Sensorid, [video], audio, bodyimagry, [length], [size]) values (1, 1, 66, 'VestibulumProin.xls', 'PotentiCras.avi', 'In.jpeg', '1:06:18', 2749);
insert into [Recording] (id, Streamid, Sensorid, [video], audio, bodyimagry, [length], [size]) values (2, 2, 50, 'AmetLobortisSapien.avi', 'NullaTempusVivamus.mp3', 'Odio.jpeg', '7:17:18', 5195);
insert into [Recording] (id, Streamid, Sensorid, [video], audio, bodyimagry, [length], [size]) values (3, 3, 73, 'VelitEuEst.png', 'AliquetPulvinar.gif', 'RidiculusMus.xls', '13:37:26', 535);
insert into [Recording] (id, Streamid, Sensorid, [video], audio, bodyimagry, [length], [size]) values (4, 4, 47, 'Ante.xls', 'Lectus.ppt', 'JustoSitAmet.tiff', '21:59:33', 9578);
insert into [Recording] (id, Streamid, Sensorid, [video], audio, bodyimagry, [length], [size]) values (5, 5, 91, 'SemperPortaVolutpat.mpeg', 'LiberoQuis.ppt', 'Mi.xls', '14:05:54', 8843);
insert into [Recording] (id, Streamid, Sensorid, [video], audio, bodyimagry, [length], [size]) values (6, 6, 63, 'SapienVariusUt.tiff', 'MorbiPorttitor.xls', 'In.mp3', '3:05:28', 1078);
insert into [Recording] (id, Streamid, Sensorid, [video], audio, bodyimagry, [length], [size]) values (7, 7, 81, 'Ultrices.pdf', 'Massa.pdf', 'AmetEros.ppt', '7:37:30', 429);
insert into [Recording] (id, Streamid, Sensorid, [video], audio, bodyimagry, [length], [size]) values (8, 8, 15, 'SuspendisseOrnareConsequat.ppt', 'Integer.xls', 'ElementumEu.avi', '7:33:38', 4838);
insert into [Recording] (id, Streamid, Sensorid, [video], audio, bodyimagry, [length], [size]) values (9, 9, 61, 'ElementumNullam.mp3', 'Sit.xls', 'AugueVelAccumsan.avi', '22:51:06', 4193);
insert into [Recording] (id, Streamid, Sensorid, [video], audio, bodyimagry, [length], [size]) values (10, 10, 28, 'Cursus.jpeg', 'Quisque.mp3', 'Felis.pdf', '21:43:44', 6111);
insert into [Recording] (id, Streamid, Sensorid, [video], audio, bodyimagry, [length], [size]) values (11, 11, 6, 'Lacinia.txt', 'SollicitudinMiSit.gif', 'MaurisViverra.mov', '10:10:46', 4267);
insert into [Recording] (id, Streamid, Sensorid, [video], audio, bodyimagry, [length], [size]) values (12, 12, 89, 'Bibendum.avi', 'VolutpatIn.mov', 'InLeo.ppt', '22:08:48', 2457);
insert into [Recording] (id, Streamid, Sensorid, [video], audio, bodyimagry, [length], [size]) values (13, 13, 47, 'AugueQuam.tiff', 'InBlanditUltrices.jpeg', 'Arcu.ppt', '7:05:37', 3823);
insert into [Recording] (id, Streamid, Sensorid, [video], audio, bodyimagry, [length], [size]) values (14, 14, 78, 'BlanditLacinia.gif', 'AcEnimIn.ppt', 'InMagna.ppt', '16:18:12', 8663);
insert into [Recording] (id, Streamid, Sensorid, [video], audio, bodyimagry, [length], [size]) values (15, 15, 64, 'Ipsum.avi', 'Platea.ppt', 'NullaElitAc.mpeg', '20:36:31', 3432);
insert into [Recording] (id, Streamid, Sensorid, [video], audio, bodyimagry, [length], [size]) values (16, 16, 99, 'ScelerisqueMaurisSit.pdf', 'CurabiturGravida.png', 'Rutrum.ppt', '23:58:39', 585);
insert into [Recording] (id, Streamid, Sensorid, [video], audio, bodyimagry, [length], [size]) values (17, 17, 54, 'A.avi', 'Porta.avi', 'UtVolutpatSapien.mp3', '17:29:52', 4408);
insert into [Recording] (id, Streamid, Sensorid, [video], audio, bodyimagry, [length], [size]) values (18, 18, 83, 'NullamOrciPede.tiff', 'SedLacusMorbi.jpeg', 'Mattis.mpeg', '18:13:36', 5736);
insert into [Recording] (id, Streamid, Sensorid, [video], audio, bodyimagry, [length], [size]) values (19, 19, 5, 'UltricesPosuereCubilia.ppt', 'Sit.avi', 'GravidaSem.xls', '20:03:49', 8945);
insert into [Recording] (id, Streamid, Sensorid, [video], audio, bodyimagry, [length], [size]) values (20, 20, 69, 'LuctusEtUltrices.ppt', 'Tellus.avi', 'MorbiNon.mp3', '21:07:59', 6815);
insert into [Recording] (id, Streamid, Sensorid, [video], audio, bodyimagry, [length], [size]) values (21, 21, 84, 'TellusNullaUt.mpeg', 'UltricesPosuere.gif', 'PraesentBlanditLacinia.jpeg', '4:37:53', 8504);
insert into [Recording] (id, Streamid, Sensorid, [video], audio, bodyimagry, [length], [size]) values (22, 22, 91, 'Pede.avi', 'Nibh.avi', 'Eleifend.xls', '11:35:06', 5336);
insert into [Recording] (id, Streamid, Sensorid, [video], audio, bodyimagry, [length], [size]) values (23, 23, 46, 'ProinInterdumMauris.jpeg', 'MorbiAIpsum.doc', 'OrciLuctus.avi', '11:43:17', 2505);
insert into [Recording] (id, Streamid, Sensorid, [video], audio, bodyimagry, [length], [size]) values (24, 24, 71, 'AcTellus.jpeg', 'Odio.ppt', 'SapienArcu.mp3', '14:19:24', 9343);
insert into [Recording] (id, Streamid, Sensorid, [video], audio, bodyimagry, [length], [size]) values (25, 25, 9, 'FelisSed.avi', 'CurabiturConvallisDuis.tiff', 'Dui.jpeg', '23:04:13', 9756);
insert into [Recording] (id, Streamid, Sensorid, [video], audio, bodyimagry, [length], [size]) values (26, 26, 19, 'CumSociisNatoque.mp3', 'Convallis.avi', 'MassaVolutpat.ppt', '22:36:39', 2204);
insert into [Recording] (id, Streamid, Sensorid, [video], audio, bodyimagry, [length], [size]) values (27, 27, 23, 'In.mp3', 'Orci.ppt', 'TinciduntNullaMollis.mp3', '14:08:05', 6058);
insert into [Recording] (id, Streamid, Sensorid, [video], audio, bodyimagry, [length], [size]) values (28, 28, 53, 'Mus.mp3', 'LuctusEt.txt', 'Nulla.xls', '1:40:28', 455);
insert into [Recording] (id, Streamid, Sensorid, [video], audio, bodyimagry, [length], [size]) values (29, 29, 66, 'UltricesEnim.ppt', 'EuEst.mp3', 'Nec.mp3', '2:20:10', 2707);
insert into [Recording] (id, Streamid, Sensorid, [video], audio, bodyimagry, [length], [size]) values (30, 30, 61, 'EstQuamPharetra.txt', 'AmetNullaQuisque.mp3', 'Eget.ppt', '8:34:45', 3680);
insert into [Recording] (id, Streamid, Sensorid, [video], audio, bodyimagry, [length], [size]) values (31, 31, 41, 'Sapien.xls', 'NonVelit.pdf', 'Eu.mp3', '14:49:29', 9815);
insert into [Recording] (id, Streamid, Sensorid, [video], audio, bodyimagry, [length], [size]) values (32, 32, 75, 'MorbiPorttitorLorem.txt', 'DictumstEtiam.mp3', 'EtiamPretium.avi', '16:26:36', 2301);
insert into [Recording] (id, Streamid, Sensorid, [video], audio, bodyimagry, [length], [size]) values (33, 33, 16, 'IdTurpisInteger.avi', 'InLectusPellentesque.mp3', 'Ut.ppt', '21:37:32', 6180);
insert into [Recording] (id, Streamid, Sensorid, [video], audio, bodyimagry, [length], [size]) values (34, 34, 58, 'NonummyMaecenasTincidunt.ppt', 'At.ppt', 'SuspendissePotenti.avi', '12:43:39', 7505);
insert into [Recording] (id, Streamid, Sensorid, [video], audio, bodyimagry, [length], [size]) values (35, 35, 64, 'CuraeDuis.gif', 'NamNullaInteger.avi', 'Molestie.avi', '7:41:16', 1763);
insert into [Recording] (id, Streamid, Sensorid, [video], audio, bodyimagry, [length], [size]) values (36, 36, 67, 'Volutpat.png', 'Pellentesque.avi', 'Tortor.mp3', '1:07:39', 2096);
insert into [Recording] (id, Streamid, Sensorid, [video], audio, bodyimagry, [length], [size]) values (37, 37, 34, 'ElitProinRisus.mov', 'AmetNuncViverra.xls', 'NislDuis.ppt', '17:54:59', 4998);
insert into [Recording] (id, Streamid, Sensorid, [video], audio, bodyimagry, [length], [size]) values (38, 38, 20, 'QuisJusto.tiff', 'TurpisA.xls', 'FelisDonecSemper.xls', '22:19:06', 6028);
insert into [Recording] (id, Streamid, Sensorid, [video], audio, bodyimagry, [length], [size]) values (39, 39, 82, 'Mus.xls', 'SitAmet.gif', 'In.jpeg', '5:33:26', 3960);
insert into [Recording] (id, Streamid, Sensorid, [video], audio, bodyimagry, [length], [size]) values (40, 40, 43, 'LectusPellentesque.mpeg', 'PotentiInEleifend.pdf', 'CongueEtiam.tiff', '4:24:04', 212);
insert into [Recording] (id, Streamid, Sensorid, [video], audio, bodyimagry, [length], [size]) values (41, 41, 36, 'LeoMaecenas.tiff', 'AtFeugiatNon.avi', 'NuncProin.png', '22:06:39', 2809);
insert into [Recording] (id, Streamid, Sensorid, [video], audio, bodyimagry, [length], [size]) values (42, 42, 48, 'JustoMaecenasRhoncus.avi', 'SociisNatoquePenatibus.avi', 'QuisLiberoNullam.mov', '18:53:20', 9642);
insert into [Recording] (id, Streamid, Sensorid, [video], audio, bodyimagry, [length], [size]) values (43, 43, 8, 'VestibulumEget.ppt', 'Ipsum.ppt', 'VestibulumVelitId.avi', '23:30:43', 4981);
insert into [Recording] (id, Streamid, Sensorid, [video], audio, bodyimagry, [length], [size]) values (44, 44, 59, 'NisiNam.xls', 'LigulaIn.mp3', 'TemporTurpis.mp3', '11:12:04', 3382);
insert into [Recording] (id, Streamid, Sensorid, [video], audio, bodyimagry, [length], [size]) values (45, 45, 53, 'EgetTincidunt.mov', 'QuisqueErat.ppt', 'PlaceratAnte.ppt', '4:41:41', 1205);
insert into [Recording] (id, Streamid, Sensorid, [video], audio, bodyimagry, [length], [size]) values (46, 46, 15, 'Varius.tiff', 'UltricesLiberoNon.jpeg', 'Dui.xls', '15:38:37', 8906);
insert into [Recording] (id, Streamid, Sensorid, [video], audio, bodyimagry, [length], [size]) values (47, 47, 52, 'PretiumQuisLectus.txt', 'LaciniaEgetTincidunt.txt', 'AliquetMassa.mov', '4:17:47', 944);
insert into [Recording] (id, Streamid, Sensorid, [video], audio, bodyimagry, [length], [size]) values (48, 48, 80, 'Nunc.doc', 'IpsumPrimis.jpeg', 'MaecenasTincidunt.ppt', '1:36:08', 2994);
insert into [Recording] (id, Streamid, Sensorid, [video], audio, bodyimagry, [length], [size]) values (49, 49, 70, 'PotentiCrasIn.png', 'SuspendissePotentiIn.avi', 'LacusPurus.ppt', '5:37:02', 2112);
insert into [Recording] (id, Streamid, Sensorid, [video], audio, bodyimagry, [length], [size]) values (50, 50, 82, 'AnteIpsumPrimis.mov', 'CondimentumIdLuctus.avi', 'Pellentesque.xls', '5:18:09', 1024);
insert into [Recording] (id, Streamid, Sensorid, [video], audio, bodyimagry, [length], [size]) values (51, 51, 37, 'MagnisDis.mp3', 'Tempor.jpeg', 'MontesNasceturRidiculus.ppt', '15:12:56', 2331);
insert into [Recording] (id, Streamid, Sensorid, [video], audio, bodyimagry, [length], [size]) values (52, 52, 96, 'VelAugue.ppt', 'NonLectusAliquam.mp3', 'In.mp3', '1:26:04', 430);
insert into [Recording] (id, Streamid, Sensorid, [video], audio, bodyimagry, [length], [size]) values (53, 53, 87, 'MorbiVestibulum.xls', 'Suscipit.avi', 'EratQuisqueErat.ppt', '16:41:17', 4599);
insert into [Recording] (id, Streamid, Sensorid, [video], audio, bodyimagry, [length], [size]) values (54, 54, 10, 'Donec.avi', 'AmetSem.mp3', 'IpsumAliquamNon.png', '11:36:31', 6758);
insert into [Recording] (id, Streamid, Sensorid, [video], audio, bodyimagry, [length], [size]) values (55, 55, 13, 'QuamTurpisAdipiscing.mp3', 'Sagittis.ppt', 'DiamNamTristique.xls', '19:37:56', 7632);
insert into [Recording] (id, Streamid, Sensorid, [video], audio, bodyimagry, [length], [size]) values (56, 56, 97, 'VelSemSed.mp3', 'IpsumPraesentBlandit.xls', 'AmetEros.xls', '14:36:30', 8045);
insert into [Recording] (id, Streamid, Sensorid, [video], audio, bodyimagry, [length], [size]) values (57, 57, 8, 'Amet.mp3', 'UllamcorperPurus.mp3', 'Ante.avi', '17:26:33', 6771);
insert into [Recording] (id, Streamid, Sensorid, [video], audio, bodyimagry, [length], [size]) values (58, 58, 21, 'FusceConsequat.ppt', 'UtAt.xls', 'OdioElementum.mp3', '4:39:21', 1918);
insert into [Recording] (id, Streamid, Sensorid, [video], audio, bodyimagry, [length], [size]) values (59, 59, 81, 'Commodo.mp3', 'ParturientMontesNascetur.gif', 'Ullamcorper.ppt', '18:06:44', 6457);
insert into [Recording] (id, Streamid, Sensorid, [video], audio, bodyimagry, [length], [size]) values (60, 60, 22, 'VelitId.tiff', 'DuisAliquamConvallis.ppt', 'MolestieNibhIn.ppt', '23:10:33', 4401);
insert into [Recording] (id, Streamid, Sensorid, [video], audio, bodyimagry, [length], [size]) values (61, 61, 9, 'Lorem.jpeg', 'PellentesqueUltricesMattis.ppt', 'OrciLuctus.mov', '14:26:08', 2390);
insert into [Recording] (id, Streamid, Sensorid, [video], audio, bodyimagry, [length], [size]) values (62, 62, 71, 'SemFusce.jpeg', 'Commodo.mp3', 'MaecenasTristique.tiff', '2:52:00', 4596);
insert into [Recording] (id, Streamid, Sensorid, [video], audio, bodyimagry, [length], [size]) values (63, 63, 77, 'AcDiamCras.ppt', 'QuisOdio.xls', 'PotentiCras.mpeg', '2:53:43', 7752);
insert into [Recording] (id, Streamid, Sensorid, [video], audio, bodyimagry, [length], [size]) values (64, 64, 100, 'Aenean.png', 'Morbi.txt', 'EgetTempus.avi', '18:01:58', 3052);
insert into [Recording] (id, Streamid, Sensorid, [video], audio, bodyimagry, [length], [size]) values (65, 65, 75, 'Varius.doc', 'UltricesPosuere.mpeg', 'Turpis.ppt', '19:27:44', 8633);
insert into [Recording] (id, Streamid, Sensorid, [video], audio, bodyimagry, [length], [size]) values (66, 66, 78, 'DolorSitAmet.gif', 'Bibendum.ppt', 'Leo.doc', '16:45:09', 3021);
insert into [Recording] (id, Streamid, Sensorid, [video], audio, bodyimagry, [length], [size]) values (67, 67, 97, 'Pede.ppt', 'InHacHabitasse.ppt', 'MalesuadaInImperdiet.xls', '11:09:59', 6760);
insert into [Recording] (id, Streamid, Sensorid, [video], audio, bodyimagry, [length], [size]) values (68, 68, 54, 'Luctus.mp3', 'InImperdietEt.ppt', 'PortaVolutpatErat.xls', '14:05:32', 2112);
insert into [Recording] (id, Streamid, Sensorid, [video], audio, bodyimagry, [length], [size]) values (69, 69, 95, 'Sem.ppt', 'Morbi.mov', 'QuisqueArcuLibero.ppt', '3:45:04', 2228);
insert into [Recording] (id, Streamid, Sensorid, [video], audio, bodyimagry, [length], [size]) values (70, 70, 6, 'IdLuctus.txt', 'Augue.png', 'Donec.mpeg', '5:11:53', 5679);
insert into [Recording] (id, Streamid, Sensorid, [video], audio, bodyimagry, [length], [size]) values (71, 71, 32, 'LacusMorbi.doc', 'SapienCum.mp3', 'PharetraMagnaVestibulum.mp3', '3:01:59', 2608);
insert into [Recording] (id, Streamid, Sensorid, [video], audio, bodyimagry, [length], [size]) values (72, 72, 56, 'SitAmetNulla.xls', 'Est.doc', 'NuncVestibulum.mpeg', '0:50:16', 7634);
insert into [Recording] (id, Streamid, Sensorid, [video], audio, bodyimagry, [length], [size]) values (73, 73, 92, 'TinciduntLacusAt.xls', 'FermentumDonec.avi', 'MattisNibh.xls', '9:31:46', 8531);
insert into [Recording] (id, Streamid, Sensorid, [video], audio, bodyimagry, [length], [size]) values (74, 74, 41, 'DonecSemper.mov', 'Pede.png', 'LiberoNon.avi', '15:24:06', 5909);
insert into [Recording] (id, Streamid, Sensorid, [video], audio, bodyimagry, [length], [size]) values (75, 75, 11, 'Justo.tiff', 'PedeMalesuada.tiff', 'MaurisSit.ppt', '20:37:33', 7888);
insert into [Recording] (id, Streamid, Sensorid, [video], audio, bodyimagry, [length], [size]) values (76, 76, 53, 'JustoMorbi.ppt', 'AliquetAt.mov', 'Nulla.doc', '12:33:50', 6583);
insert into [Recording] (id, Streamid, Sensorid, [video], audio, bodyimagry, [length], [size]) values (77, 77, 36, 'VenenatisTurpisEnim.xls', 'LectusInEst.mov', 'HendreritAt.mp3', '12:09:34', 6693);
insert into [Recording] (id, Streamid, Sensorid, [video], audio, bodyimagry, [length], [size]) values (78, 78, 72, 'Semper.avi', 'MattisOdio.jpeg', 'Tempus.xls', '2:20:32', 7563);
insert into [Recording] (id, Streamid, Sensorid, [video], audio, bodyimagry, [length], [size]) values (79, 79, 89, 'Nulla.avi', 'AmetConsectetuer.mp3', 'DiamNamTristique.mp3', '20:15:57', 573);
insert into [Recording] (id, Streamid, Sensorid, [video], audio, bodyimagry, [length], [size]) values (80, 80, 51, 'LuctusUltriciesEu.mov', 'TellusNulla.mp3', 'Magna.mp3', '6:55:27', 5460);
insert into [Recording] (id, Streamid, Sensorid, [video], audio, bodyimagry, [length], [size]) values (81, 81, 25, 'MorbiPorttitorLorem.jpeg', 'NatoquePenatibusEt.ppt', 'Dolor.mpeg', '10:00:24', 5456);
insert into [Recording] (id, Streamid, Sensorid, [video], audio, bodyimagry, [length], [size]) values (82, 82, 24, 'LuctusTinciduntNulla.avi', 'Tortor.mp3', 'Cursus.pdf', '10:05:50', 2193);
insert into [Recording] (id, Streamid, Sensorid, [video], audio, bodyimagry, [length], [size]) values (83, 83, 85, 'AmetSapien.xls', 'PellentesqueUltrices.gif', 'MorbiVelLectus.png', '20:49:00', 5965);
insert into [Recording] (id, Streamid, Sensorid, [video], audio, bodyimagry, [length], [size]) values (84, 84, 22, 'ScelerisqueMauris.mp3', 'MusVivamusVestibulum.mpeg', 'DisParturientMontes.xls', '11:39:51', 6222);
insert into [Recording] (id, Streamid, Sensorid, [video], audio, bodyimagry, [length], [size]) values (85, 85, 62, 'ConsectetuerAdipiscingElit.avi', 'MetusSapien.ppt', 'RutrumAt.avi', '17:13:34', 8213);
insert into [Recording] (id, Streamid, Sensorid, [video], audio, bodyimagry, [length], [size]) values (86, 86, 29, 'VulputateVitaeNisl.tiff', 'CondimentumCurabitur.ppt', 'NullaTempusVivamus.ppt', '3:23:16', 4206);
insert into [Recording] (id, Streamid, Sensorid, [video], audio, bodyimagry, [length], [size]) values (87, 87, 21, 'MetusSapienUt.avi', 'AmetCursus.mp3', 'Nunc.ppt', '0:32:29', 2046);
insert into [Recording] (id, Streamid, Sensorid, [video], audio, bodyimagry, [length], [size]) values (88, 88, 42, 'RisusSemper.png', 'EgetErosElementum.mp3', 'LigulaIn.ppt', '4:06:53', 565);
insert into [Recording] (id, Streamid, Sensorid, [video], audio, bodyimagry, [length], [size]) values (89, 89, 30, 'ProinEuMi.pdf', 'NibhLigulaNec.ppt', 'EratEros.avi', '23:45:36', 9002);
insert into [Recording] (id, Streamid, Sensorid, [video], audio, bodyimagry, [length], [size]) values (90, 90, 43, 'Sapien.avi', 'EstLacinia.xls', 'FelisSed.mp3', '3:02:15', 2895);
insert into [Recording] (id, Streamid, Sensorid, [video], audio, bodyimagry, [length], [size]) values (91, 91, 41, 'Sed.avi', 'Eget.mpeg', 'Sem.xls', '21:48:14', 7849);
insert into [Recording] (id, Streamid, Sensorid, [video], audio, bodyimagry, [length], [size]) values (92, 92, 95, 'Non.ppt', 'SitAmet.gif', 'UtRhoncus.xls', '17:55:01', 5709);
insert into [Recording] (id, Streamid, Sensorid, [video], audio, bodyimagry, [length], [size]) values (93, 93, 32, 'RutrumNullaTellus.avi', 'ErosSuspendisse.avi', 'LigulaNecSem.mpeg', '10:54:04', 2632);
insert into [Recording] (id, Streamid, Sensorid, [video], audio, bodyimagry, [length], [size]) values (94, 94, 39, 'PhasellusIdSapien.pdf', 'SapienCursus.avi', 'SitAmetEros.avi', '19:03:29', 5517);
insert into [Recording] (id, Streamid, Sensorid, [video], audio, bodyimagry, [length], [size]) values (95, 95, 41, 'MorbiNonQuam.tiff', 'PulvinarSed.mp3', 'ConsequatDuiNec.xls', '18:06:14', 7061);
insert into [Recording] (id, Streamid, Sensorid, [video], audio, bodyimagry, [length], [size]) values (96, 96, 93, 'APedePosuere.pdf', 'InSapienIaculis.avi', 'ElitProinRisus.avi', '1:32:51', 3947);
insert into [Recording] (id, Streamid, Sensorid, [video], audio, bodyimagry, [length], [size]) values (97, 97, 59, 'GravidaSem.avi', 'Quam.avi', 'VolutpatEleifendDonec.txt', '3:25:17', 358);
insert into [Recording] (id, Streamid, Sensorid, [video], audio, bodyimagry, [length], [size]) values (98, 98, 77, 'IpsumPraesentBlandit.mp3', 'QuamFringilla.xls', 'BibendumFelis.avi', '1:12:40', 3377);
insert into [Recording] (id, Streamid, Sensorid, [video], audio, bodyimagry, [length], [size]) values (99, 99, 81, 'ViverraDapibusNulla.mp3', 'Lorem.avi', 'PlaceratPraesentBlandit.xls', '5:15:45', 8992);
insert into [Recording] (id, Streamid, Sensorid, [video], audio, bodyimagry, [length], [size]) values (100, 100, 43, 'PosuereCubiliaCurae.mp3', 'MaecenasTristiqueEst.ppt', 'Pede.xls', '14:44:43', 3854);
SET IDENTITY_INSERT [Recording] OFF;
-- Data
SET IDENTITY_INSERT [Data] ON;
insert into [Data] (id, Streamid, Recordingid, [date], expires) values (1, 1, 26, '2023-03-13', '2023-05-28');
insert into [Data] (id, Streamid, Recordingid, [date], expires) values (2, 2, 61, '2023-03-05', '2022-12-16');
insert into [Data] (id, Streamid, Recordingid, [date], expires) values (3, 3, 48, '2022-06-06', '2023-01-31');
insert into [Data] (id, Streamid, Recordingid, [date], expires) values (4, 4, 75, '2023-05-28', '2023-03-31');
insert into [Data] (id, Streamid, Recordingid, [date], expires) values (5, 5, 33, '2022-08-13', '2022-11-16');
insert into [Data] (id, Streamid, Recordingid, [date], expires) values (6, 6, 36, '2023-05-03', '2023-02-13');
insert into [Data] (id, Streamid, Recordingid, [date], expires) values (7, 7, 89, '2023-06-06', '2022-10-06');
insert into [Data] (id, Streamid, Recordingid, [date], expires) values (8, 8, 64, '2022-08-07', '2023-05-23');
insert into [Data] (id, Streamid, Recordingid, [date], expires) values (9, 9, 25, '2022-12-24', '2023-04-11');
insert into [Data] (id, Streamid, Recordingid, [date], expires) values (10, 10, 92, '2023-06-29', '2022-09-14');
insert into [Data] (id, Streamid, Recordingid, [date], expires) values (11, 11, 3, '2023-02-15', '2023-01-02');
insert into [Data] (id, Streamid, Recordingid, [date], expires) values (12, 12, 85, '2023-04-14', '2022-10-24');
insert into [Data] (id, Streamid, Recordingid, [date], expires) values (13, 13, 64, '2023-03-23', '2022-10-29');
insert into [Data] (id, Streamid, Recordingid, [date], expires) values (14, 14, 66, '2022-06-10', '2022-11-17');
insert into [Data] (id, Streamid, Recordingid, [date], expires) values (15, 15, 24, '2022-07-10', '2023-06-05');
insert into [Data] (id, Streamid, Recordingid, [date], expires) values (16, 16, 32, '2022-06-13', '2022-11-24');
insert into [Data] (id, Streamid, Recordingid, [date], expires) values (17, 17, 47, '2023-01-02', '2022-10-22');
insert into [Data] (id, Streamid, Recordingid, [date], expires) values (18, 18, 92, '2022-12-13', '2023-05-24');
insert into [Data] (id, Streamid, Recordingid, [date], expires) values (19, 19, 62, '2023-06-17', '2023-02-25');
insert into [Data] (id, Streamid, Recordingid, [date], expires) values (20, 20, 85, '2022-07-30', '2022-08-06');
insert into [Data] (id, Streamid, Recordingid, [date], expires) values (21, 21, 8, '2022-10-21', '2023-03-25');
insert into [Data] (id, Streamid, Recordingid, [date], expires) values (22, 22, 18, '2022-12-30', '2022-07-27');
insert into [Data] (id, Streamid, Recordingid, [date], expires) values (23, 23, 91, '2023-05-10', '2023-06-22');
insert into [Data] (id, Streamid, Recordingid, [date], expires) values (24, 24, 60, '2022-12-07', '2023-06-14');
insert into [Data] (id, Streamid, Recordingid, [date], expires) values (25, 25, 3, '2022-09-26', '2023-06-12');
insert into [Data] (id, Streamid, Recordingid, [date], expires) values (26, 26, 51, '2023-04-21', '2022-12-01');
insert into [Data] (id, Streamid, Recordingid, [date], expires) values (27, 27, 100, '2023-06-17', '2023-04-11');
insert into [Data] (id, Streamid, Recordingid, [date], expires) values (28, 28, 68, '2022-11-04', '2022-11-09');
insert into [Data] (id, Streamid, Recordingid, [date], expires) values (29, 29, 13, '2022-08-05', '2022-11-16');
insert into [Data] (id, Streamid, Recordingid, [date], expires) values (30, 30, 72, '2023-06-07', '2023-05-06');
insert into [Data] (id, Streamid, Recordingid, [date], expires) values (31, 31, 65, '2023-02-07', '2022-10-17');
insert into [Data] (id, Streamid, Recordingid, [date], expires) values (32, 32, 5, '2022-10-14', '2023-06-06');
insert into [Data] (id, Streamid, Recordingid, [date], expires) values (33, 33, 15, '2022-08-14', '2022-10-03');
insert into [Data] (id, Streamid, Recordingid, [date], expires) values (34, 34, 93, '2023-02-09', '2023-04-23');
insert into [Data] (id, Streamid, Recordingid, [date], expires) values (35, 35, 29, '2023-02-20', '2023-05-27');
insert into [Data] (id, Streamid, Recordingid, [date], expires) values (36, 36, 3, '2022-11-28', '2022-09-29');
insert into [Data] (id, Streamid, Recordingid, [date], expires) values (37, 37, 86, '2023-04-18', '2022-11-23');
insert into [Data] (id, Streamid, Recordingid, [date], expires) values (38, 38, 63, '2022-08-04', '2022-08-23');
insert into [Data] (id, Streamid, Recordingid, [date], expires) values (39, 39, 24, '2022-08-10', '2022-08-03');
insert into [Data] (id, Streamid, Recordingid, [date], expires) values (40, 40, 77, '2022-11-10', '2023-03-21');
insert into [Data] (id, Streamid, Recordingid, [date], expires) values (41, 41, 82, '2023-04-26', '2022-11-28');
insert into [Data] (id, Streamid, Recordingid, [date], expires) values (42, 42, 36, '2022-10-29', '2022-09-17');
insert into [Data] (id, Streamid, Recordingid, [date], expires) values (43, 43, 95, '2022-10-31', '2023-06-16');
insert into [Data] (id, Streamid, Recordingid, [date], expires) values (44, 44, 74, '2022-11-26', '2022-10-09');
insert into [Data] (id, Streamid, Recordingid, [date], expires) values (45, 45, 79, '2023-01-04', '2022-12-14');
insert into [Data] (id, Streamid, Recordingid, [date], expires) values (46, 46, 79, '2023-06-03', '2023-05-17');
insert into [Data] (id, Streamid, Recordingid, [date], expires) values (47, 47, 94, '2023-01-31', '2022-09-10');
insert into [Data] (id, Streamid, Recordingid, [date], expires) values (48, 48, 91, '2023-05-05', '2023-02-16');
insert into [Data] (id, Streamid, Recordingid, [date], expires) values (49, 49, 2, '2022-08-21', '2023-05-08');
insert into [Data] (id, Streamid, Recordingid, [date], expires) values (50, 50, 42, '2022-09-28', '2023-02-17');
insert into [Data] (id, Streamid, Recordingid, [date], expires) values (51, 51, 29, '2022-08-24', '2022-10-14');
insert into [Data] (id, Streamid, Recordingid, [date], expires) values (52, 52, 30, '2023-01-03', '2023-05-28');
insert into [Data] (id, Streamid, Recordingid, [date], expires) values (53, 53, 89, '2022-06-28', '2023-05-29');
insert into [Data] (id, Streamid, Recordingid, [date], expires) values (54, 54, 84, '2022-09-22', '2023-01-28');
insert into [Data] (id, Streamid, Recordingid, [date], expires) values (55, 55, 14, '2023-01-20', '2022-07-11');
insert into [Data] (id, Streamid, Recordingid, [date], expires) values (56, 56, 26, '2023-06-28', '2023-04-04');
insert into [Data] (id, Streamid, Recordingid, [date], expires) values (57, 57, 28, '2023-02-25', '2023-02-20');
insert into [Data] (id, Streamid, Recordingid, [date], expires) values (58, 58, 95, '2022-10-10', '2023-04-01');
insert into [Data] (id, Streamid, Recordingid, [date], expires) values (59, 59, 19, '2023-05-31', '2022-08-27');
insert into [Data] (id, Streamid, Recordingid, [date], expires) values (60, 60, 68, '2022-06-16', '2022-08-24');
insert into [Data] (id, Streamid, Recordingid, [date], expires) values (61, 61, 31, '2022-06-26', '2022-08-18');
insert into [Data] (id, Streamid, Recordingid, [date], expires) values (62, 62, 88, '2023-04-23', '2023-03-05');
insert into [Data] (id, Streamid, Recordingid, [date], expires) values (63, 63, 81, '2023-03-29', '2022-12-31');
insert into [Data] (id, Streamid, Recordingid, [date], expires) values (64, 64, 42, '2022-08-16', '2023-06-11');
insert into [Data] (id, Streamid, Recordingid, [date], expires) values (65, 65, 33, '2022-09-26', '2023-06-28');
insert into [Data] (id, Streamid, Recordingid, [date], expires) values (66, 66, 78, '2022-08-25', '2023-06-20');
insert into [Data] (id, Streamid, Recordingid, [date], expires) values (67, 67, 15, '2022-08-17', '2022-07-21');
insert into [Data] (id, Streamid, Recordingid, [date], expires) values (68, 68, 10, '2022-09-18', '2022-08-04');
insert into [Data] (id, Streamid, Recordingid, [date], expires) values (69, 69, 63, '2023-03-22', '2023-06-13');
insert into [Data] (id, Streamid, Recordingid, [date], expires) values (70, 70, 42, '2023-03-10', '2022-07-07');
insert into [Data] (id, Streamid, Recordingid, [date], expires) values (71, 71, 73, '2022-07-09', '2023-02-03');
insert into [Data] (id, Streamid, Recordingid, [date], expires) values (72, 72, 75, '2022-09-03', '2022-09-09');
insert into [Data] (id, Streamid, Recordingid, [date], expires) values (73, 73, 63, '2022-12-28', '2022-08-08');
insert into [Data] (id, Streamid, Recordingid, [date], expires) values (74, 74, 17, '2023-05-07', '2023-01-05');
insert into [Data] (id, Streamid, Recordingid, [date], expires) values (75, 75, 8, '2022-07-22', '2023-01-23');
insert into [Data] (id, Streamid, Recordingid, [date], expires) values (76, 76, 34, '2022-11-18', '2023-04-13');
insert into [Data] (id, Streamid, Recordingid, [date], expires) values (77, 77, 13, '2023-01-18', '2022-08-13');
insert into [Data] (id, Streamid, Recordingid, [date], expires) values (78, 78, 53, '2023-05-13', '2022-11-20');
insert into [Data] (id, Streamid, Recordingid, [date], expires) values (79, 79, 35, '2022-09-27', '2022-12-05');
insert into [Data] (id, Streamid, Recordingid, [date], expires) values (80, 80, 63, '2022-07-12', '2023-03-27');
insert into [Data] (id, Streamid, Recordingid, [date], expires) values (81, 81, 84, '2023-04-18', '2022-12-16');
insert into [Data] (id, Streamid, Recordingid, [date], expires) values (82, 82, 27, '2023-06-14', '2023-03-19');
insert into [Data] (id, Streamid, Recordingid, [date], expires) values (83, 83, 59, '2023-03-29', '2022-12-16');
insert into [Data] (id, Streamid, Recordingid, [date], expires) values (84, 84, 31, '2022-12-09', '2023-05-05');
insert into [Data] (id, Streamid, Recordingid, [date], expires) values (85, 85, 96, '2023-04-02', '2022-11-09');
insert into [Data] (id, Streamid, Recordingid, [date], expires) values (86, 86, 21, '2022-10-09', '2023-03-31');
insert into [Data] (id, Streamid, Recordingid, [date], expires) values (87, 87, 93, '2022-10-08', '2022-10-25');
insert into [Data] (id, Streamid, Recordingid, [date], expires) values (88, 88, 94, '2023-06-10', '2022-08-18');
insert into [Data] (id, Streamid, Recordingid, [date], expires) values (89, 89, 6, '2022-07-22', '2023-05-15');
insert into [Data] (id, Streamid, Recordingid, [date], expires) values (90, 90, 31, '2022-12-10', '2022-08-19');
insert into [Data] (id, Streamid, Recordingid, [date], expires) values (91, 91, 6, '2022-09-09', '2022-09-02');
insert into [Data] (id, Streamid, Recordingid, [date], expires) values (92, 92, 55, '2022-06-06', '2022-12-17');
insert into [Data] (id, Streamid, Recordingid, [date], expires) values (93, 93, 50, '2023-04-23', '2022-07-12');
insert into [Data] (id, Streamid, Recordingid, [date], expires) values (94, 94, 40, '2023-03-07', '2022-12-04');
insert into [Data] (id, Streamid, Recordingid, [date], expires) values (95, 95, 15, '2022-11-29', '2022-07-15');
insert into [Data] (id, Streamid, Recordingid, [date], expires) values (96, 96, 64, '2023-04-11', '2022-08-22');
insert into [Data] (id, Streamid, Recordingid, [date], expires) values (97, 97, 24, '2023-03-18', '2023-02-16');
insert into [Data] (id, Streamid, Recordingid, [date], expires) values (98, 98, 27, '2022-08-11', '2022-11-02');
insert into [Data] (id, Streamid, Recordingid, [date], expires) values (99, 99, 81, '2022-08-01', '2023-02-21');
insert into [Data] (id, Streamid, Recordingid, [date], expires) values (100, 100, 35, '2023-01-29', '2022-11-08');
SET IDENTITY_INSERT [Data] OFF;
-- Data Received
insert into [Data Received] (Dataid, PlatinumGoldStandardSubscriptionid) values (1, 92);
insert into [Data Received] (Dataid, PlatinumGoldStandardSubscriptionid) values (2, 59);
insert into [Data Received] (Dataid, PlatinumGoldStandardSubscriptionid) values (3, 56);
insert into [Data Received] (Dataid, PlatinumGoldStandardSubscriptionid) values (4, 75);
insert into [Data Received] (Dataid, PlatinumGoldStandardSubscriptionid) values (5, 3);
insert into [Data Received] (Dataid, PlatinumGoldStandardSubscriptionid) values (6, 74);
insert into [Data Received] (Dataid, PlatinumGoldStandardSubscriptionid) values (7, 92);
insert into [Data Received] (Dataid, PlatinumGoldStandardSubscriptionid) values (8, 7);
insert into [Data Received] (Dataid, PlatinumGoldStandardSubscriptionid) values (9, 22);
insert into [Data Received] (Dataid, PlatinumGoldStandardSubscriptionid) values (10, 95);
insert into [Data Received] (Dataid, PlatinumGoldStandardSubscriptionid) values (11, 10);
insert into [Data Received] (Dataid, PlatinumGoldStandardSubscriptionid) values (12, 34);
insert into [Data Received] (Dataid, PlatinumGoldStandardSubscriptionid) values (13, 87);
insert into [Data Received] (Dataid, PlatinumGoldStandardSubscriptionid) values (14, 15);
insert into [Data Received] (Dataid, PlatinumGoldStandardSubscriptionid) values (15, 15);
insert into [Data Received] (Dataid, PlatinumGoldStandardSubscriptionid) values (16, 3);
insert into [Data Received] (Dataid, PlatinumGoldStandardSubscriptionid) values (17, 7);
insert into [Data Received] (Dataid, PlatinumGoldStandardSubscriptionid) values (18, 71);
insert into [Data Received] (Dataid, PlatinumGoldStandardSubscriptionid) values (19, 52);
insert into [Data Received] (Dataid, PlatinumGoldStandardSubscriptionid) values (20, 93);
insert into [Data Received] (Dataid, PlatinumGoldStandardSubscriptionid) values (21, 46);
insert into [Data Received] (Dataid, PlatinumGoldStandardSubscriptionid) values (22, 21);
insert into [Data Received] (Dataid, PlatinumGoldStandardSubscriptionid) values (23, 57);
insert into [Data Received] (Dataid, PlatinumGoldStandardSubscriptionid) values (24, 19);
insert into [Data Received] (Dataid, PlatinumGoldStandardSubscriptionid) values (25, 98);
insert into [Data Received] (Dataid, PlatinumGoldStandardSubscriptionid) values (26, 6);
insert into [Data Received] (Dataid, PlatinumGoldStandardSubscriptionid) values (27, 33);
insert into [Data Received] (Dataid, PlatinumGoldStandardSubscriptionid) values (28, 29);
insert into [Data Received] (Dataid, PlatinumGoldStandardSubscriptionid) values (29, 49);
insert into [Data Received] (Dataid, PlatinumGoldStandardSubscriptionid) values (30, 90);
insert into [Data Received] (Dataid, PlatinumGoldStandardSubscriptionid) values (31, 11);
insert into [Data Received] (Dataid, PlatinumGoldStandardSubscriptionid) values (32, 18);
insert into [Data Received] (Dataid, PlatinumGoldStandardSubscriptionid) values (33, 35);
insert into [Data Received] (Dataid, PlatinumGoldStandardSubscriptionid) values (34, 10);
insert into [Data Received] (Dataid, PlatinumGoldStandardSubscriptionid) values (35, 87);
insert into [Data Received] (Dataid, PlatinumGoldStandardSubscriptionid) values (36, 6);
insert into [Data Received] (Dataid, PlatinumGoldStandardSubscriptionid) values (37, 38);
insert into [Data Received] (Dataid, PlatinumGoldStandardSubscriptionid) values (38, 99);
insert into [Data Received] (Dataid, PlatinumGoldStandardSubscriptionid) values (39, 97);
insert into [Data Received] (Dataid, PlatinumGoldStandardSubscriptionid) values (40, 16);
insert into [Data Received] (Dataid, PlatinumGoldStandardSubscriptionid) values (41, 83);
insert into [Data Received] (Dataid, PlatinumGoldStandardSubscriptionid) values (42, 35);
insert into [Data Received] (Dataid, PlatinumGoldStandardSubscriptionid) values (43, 96);
insert into [Data Received] (Dataid, PlatinumGoldStandardSubscriptionid) values (44, 72);
insert into [Data Received] (Dataid, PlatinumGoldStandardSubscriptionid) values (45, 90);
insert into [Data Received] (Dataid, PlatinumGoldStandardSubscriptionid) values (46, 76);
insert into [Data Received] (Dataid, PlatinumGoldStandardSubscriptionid) values (47, 84);
insert into [Data Received] (Dataid, PlatinumGoldStandardSubscriptionid) values (48, 81);
insert into [Data Received] (Dataid, PlatinumGoldStandardSubscriptionid) values (49, 31);
insert into [Data Received] (Dataid, PlatinumGoldStandardSubscriptionid) values (50, 4);
insert into [Data Received] (Dataid, PlatinumGoldStandardSubscriptionid) values (51, 36);
insert into [Data Received] (Dataid, PlatinumGoldStandardSubscriptionid) values (52, 30);
insert into [Data Received] (Dataid, PlatinumGoldStandardSubscriptionid) values (53, 71);
insert into [Data Received] (Dataid, PlatinumGoldStandardSubscriptionid) values (54, 96);
insert into [Data Received] (Dataid, PlatinumGoldStandardSubscriptionid) values (55, 13);
insert into [Data Received] (Dataid, PlatinumGoldStandardSubscriptionid) values (56, 93);
insert into [Data Received] (Dataid, PlatinumGoldStandardSubscriptionid) values (57, 72);
insert into [Data Received] (Dataid, PlatinumGoldStandardSubscriptionid) values (58, 74);
insert into [Data Received] (Dataid, PlatinumGoldStandardSubscriptionid) values (59, 71);
insert into [Data Received] (Dataid, PlatinumGoldStandardSubscriptionid) values (60, 17);
insert into [Data Received] (Dataid, PlatinumGoldStandardSubscriptionid) values (61, 56);
insert into [Data Received] (Dataid, PlatinumGoldStandardSubscriptionid) values (62, 76);
insert into [Data Received] (Dataid, PlatinumGoldStandardSubscriptionid) values (63, 72);
insert into [Data Received] (Dataid, PlatinumGoldStandardSubscriptionid) values (64, 90);
insert into [Data Received] (Dataid, PlatinumGoldStandardSubscriptionid) values (65, 90);
insert into [Data Received] (Dataid, PlatinumGoldStandardSubscriptionid) values (66, 86);
insert into [Data Received] (Dataid, PlatinumGoldStandardSubscriptionid) values (67, 38);
insert into [Data Received] (Dataid, PlatinumGoldStandardSubscriptionid) values (68, 91);
insert into [Data Received] (Dataid, PlatinumGoldStandardSubscriptionid) values (69, 81);
insert into [Data Received] (Dataid, PlatinumGoldStandardSubscriptionid) values (70, 14);
insert into [Data Received] (Dataid, PlatinumGoldStandardSubscriptionid) values (71, 80);
insert into [Data Received] (Dataid, PlatinumGoldStandardSubscriptionid) values (72, 90);
insert into [Data Received] (Dataid, PlatinumGoldStandardSubscriptionid) values (73, 23);
insert into [Data Received] (Dataid, PlatinumGoldStandardSubscriptionid) values (74, 48);
insert into [Data Received] (Dataid, PlatinumGoldStandardSubscriptionid) values (75, 70);
insert into [Data Received] (Dataid, PlatinumGoldStandardSubscriptionid) values (76, 42);
insert into [Data Received] (Dataid, PlatinumGoldStandardSubscriptionid) values (77, 88);
insert into [Data Received] (Dataid, PlatinumGoldStandardSubscriptionid) values (78, 85);
insert into [Data Received] (Dataid, PlatinumGoldStandardSubscriptionid) values (79, 69);
insert into [Data Received] (Dataid, PlatinumGoldStandardSubscriptionid) values (80, 65);
insert into [Data Received] (Dataid, PlatinumGoldStandardSubscriptionid) values (81, 57);
insert into [Data Received] (Dataid, PlatinumGoldStandardSubscriptionid) values (82, 11);
insert into [Data Received] (Dataid, PlatinumGoldStandardSubscriptionid) values (83, 60);
insert into [Data Received] (Dataid, PlatinumGoldStandardSubscriptionid) values (84, 1);
insert into [Data Received] (Dataid, PlatinumGoldStandardSubscriptionid) values (85, 78);
insert into [Data Received] (Dataid, PlatinumGoldStandardSubscriptionid) values (86, 49);
insert into [Data Received] (Dataid, PlatinumGoldStandardSubscriptionid) values (87, 71);
insert into [Data Received] (Dataid, PlatinumGoldStandardSubscriptionid) values (88, 82);
insert into [Data Received] (Dataid, PlatinumGoldStandardSubscriptionid) values (89, 42);
insert into [Data Received] (Dataid, PlatinumGoldStandardSubscriptionid) values (90, 47);
insert into [Data Received] (Dataid, PlatinumGoldStandardSubscriptionid) values (91, 6);
insert into [Data Received] (Dataid, PlatinumGoldStandardSubscriptionid) values (92, 49);
insert into [Data Received] (Dataid, PlatinumGoldStandardSubscriptionid) values (93, 4);
insert into [Data Received] (Dataid, PlatinumGoldStandardSubscriptionid) values (94, 76);
insert into [Data Received] (Dataid, PlatinumGoldStandardSubscriptionid) values (95, 3);
insert into [Data Received] (Dataid, PlatinumGoldStandardSubscriptionid) values (96, 30);
insert into [Data Received] (Dataid, PlatinumGoldStandardSubscriptionid) values (97, 50);
insert into [Data Received] (Dataid, PlatinumGoldStandardSubscriptionid) values (98, 7);
insert into [Data Received] (Dataid, PlatinumGoldStandardSubscriptionid) values (99, 50);
insert into [Data Received] (Dataid, PlatinumGoldStandardSubscriptionid) values (100, 93);
-- Sales Rep
insert into [Sales Rep] (EmployeeProfileid, ExecutiveAdminEmployeeProfileid) values (49, 39);
insert into [Sales Rep] (EmployeeProfileid, ExecutiveAdminEmployeeProfileid) values (50, 39);
insert into [Sales Rep] (EmployeeProfileid, ExecutiveAdminEmployeeProfileid) values (51, 33);
insert into [Sales Rep] (EmployeeProfileid, ExecutiveAdminEmployeeProfileid) values (52, 40);
insert into [Sales Rep] (EmployeeProfileid, ExecutiveAdminEmployeeProfileid) values (53, 18);
insert into [Sales Rep] (EmployeeProfileid, ExecutiveAdminEmployeeProfileid) values (54, 27);
insert into [Sales Rep] (EmployeeProfileid, ExecutiveAdminEmployeeProfileid) values (55, 10);
insert into [Sales Rep] (EmployeeProfileid, ExecutiveAdminEmployeeProfileid) values (56, 27);
insert into [Sales Rep] (EmployeeProfileid, ExecutiveAdminEmployeeProfileid) values (57, 24);
insert into [Sales Rep] (EmployeeProfileid, ExecutiveAdminEmployeeProfileid) values (58, 46);
insert into [Sales Rep] (EmployeeProfileid, ExecutiveAdminEmployeeProfileid) values (59, 47);
insert into [Sales Rep] (EmployeeProfileid, ExecutiveAdminEmployeeProfileid) values (60, 34);
insert into [Sales Rep] (EmployeeProfileid, ExecutiveAdminEmployeeProfileid) values (61, 41);
insert into [Sales Rep] (EmployeeProfileid, ExecutiveAdminEmployeeProfileid) values (62, 4);
insert into [Sales Rep] (EmployeeProfileid, ExecutiveAdminEmployeeProfileid) values (63, 25);
insert into [Sales Rep] (EmployeeProfileid, ExecutiveAdminEmployeeProfileid) values (64, 16);
insert into [Sales Rep] (EmployeeProfileid, ExecutiveAdminEmployeeProfileid) values (65, 28);
insert into [Sales Rep] (EmployeeProfileid, ExecutiveAdminEmployeeProfileid) values (66, 5);
insert into [Sales Rep] (EmployeeProfileid, ExecutiveAdminEmployeeProfileid) values (67, 12);
insert into [Sales Rep] (EmployeeProfileid, ExecutiveAdminEmployeeProfileid) values (68, 37);
insert into [Sales Rep] (EmployeeProfileid, ExecutiveAdminEmployeeProfileid) values (69, 36);
insert into [Sales Rep] (EmployeeProfileid, ExecutiveAdminEmployeeProfileid) values (70, 3);
insert into [Sales Rep] (EmployeeProfileid, ExecutiveAdminEmployeeProfileid) values (71, 15);
insert into [Sales Rep] (EmployeeProfileid, ExecutiveAdminEmployeeProfileid) values (72, 25);
insert into [Sales Rep] (EmployeeProfileid, ExecutiveAdminEmployeeProfileid) values (73, 10);
insert into [Sales Rep] (EmployeeProfileid, ExecutiveAdminEmployeeProfileid) values (74, 32);
insert into [Sales Rep] (EmployeeProfileid, ExecutiveAdminEmployeeProfileid) values (75, 40);
insert into [Sales Rep] (EmployeeProfileid, ExecutiveAdminEmployeeProfileid) values (76, 40);
insert into [Sales Rep] (EmployeeProfileid, ExecutiveAdminEmployeeProfileid) values (77, 40);
insert into [Sales Rep] (EmployeeProfileid, ExecutiveAdminEmployeeProfileid) values (78, 41);
insert into [Sales Rep] (EmployeeProfileid, ExecutiveAdminEmployeeProfileid) values (79, 12);
insert into [Sales Rep] (EmployeeProfileid, ExecutiveAdminEmployeeProfileid) values (80, 2);
insert into [Sales Rep] (EmployeeProfileid, ExecutiveAdminEmployeeProfileid) values (81, 37);
insert into [Sales Rep] (EmployeeProfileid, ExecutiveAdminEmployeeProfileid) values (82, 27);
insert into [Sales Rep] (EmployeeProfileid, ExecutiveAdminEmployeeProfileid) values (83, 46);
insert into [Sales Rep] (EmployeeProfileid, ExecutiveAdminEmployeeProfileid) values (84, 3);
insert into [Sales Rep] (EmployeeProfileid, ExecutiveAdminEmployeeProfileid) values (85, 48);
insert into [Sales Rep] (EmployeeProfileid, ExecutiveAdminEmployeeProfileid) values (86, 45);
insert into [Sales Rep] (EmployeeProfileid, ExecutiveAdminEmployeeProfileid) values (87, 20);
insert into [Sales Rep] (EmployeeProfileid, ExecutiveAdminEmployeeProfileid) values (88, 32);
insert into [Sales Rep] (EmployeeProfileid, ExecutiveAdminEmployeeProfileid) values (89, 38);
insert into [Sales Rep] (EmployeeProfileid, ExecutiveAdminEmployeeProfileid) values (90, 12);
insert into [Sales Rep] (EmployeeProfileid, ExecutiveAdminEmployeeProfileid) values (91, 39);
insert into [Sales Rep] (EmployeeProfileid, ExecutiveAdminEmployeeProfileid) values (92, 5);
insert into [Sales Rep] (EmployeeProfileid, ExecutiveAdminEmployeeProfileid) values (93, 16);
insert into [Sales Rep] (EmployeeProfileid, ExecutiveAdminEmployeeProfileid) values (94, 29);
insert into [Sales Rep] (EmployeeProfileid, ExecutiveAdminEmployeeProfileid) values (95, 27);
insert into [Sales Rep] (EmployeeProfileid, ExecutiveAdminEmployeeProfileid) values (96, 27);
-- Maintenance Worker
insert into [Maintenance Worker] (EmployeeProfileid, ExecutiveAdminEmployeeProfileid, Zoneid) values (97, 23, 50);
insert into [Maintenance Worker] (EmployeeProfileid, ExecutiveAdminEmployeeProfileid, Zoneid) values (98, 46, 13);
insert into [Maintenance Worker] (EmployeeProfileid, ExecutiveAdminEmployeeProfileid, Zoneid) values (99, 5, 87);
insert into [Maintenance Worker] (EmployeeProfileid, ExecutiveAdminEmployeeProfileid, Zoneid) values (100, 13, 26);
insert into [Maintenance Worker] (EmployeeProfileid, ExecutiveAdminEmployeeProfileid, Zoneid) values (101, 25, 46);
insert into [Maintenance Worker] (EmployeeProfileid, ExecutiveAdminEmployeeProfileid, Zoneid) values (102, 34, 55);
insert into [Maintenance Worker] (EmployeeProfileid, ExecutiveAdminEmployeeProfileid, Zoneid) values (103, 2, 81);
insert into [Maintenance Worker] (EmployeeProfileid, ExecutiveAdminEmployeeProfileid, Zoneid) values (104, 24, 82);
insert into [Maintenance Worker] (EmployeeProfileid, ExecutiveAdminEmployeeProfileid, Zoneid) values (105, 33, 90);
insert into [Maintenance Worker] (EmployeeProfileid, ExecutiveAdminEmployeeProfileid, Zoneid) values (106, 47, 73);
insert into [Maintenance Worker] (EmployeeProfileid, ExecutiveAdminEmployeeProfileid, Zoneid) values (107, 17, 73);
insert into [Maintenance Worker] (EmployeeProfileid, ExecutiveAdminEmployeeProfileid, Zoneid) values (108, 43, 99);
insert into [Maintenance Worker] (EmployeeProfileid, ExecutiveAdminEmployeeProfileid, Zoneid) values (109, 27, 65);
insert into [Maintenance Worker] (EmployeeProfileid, ExecutiveAdminEmployeeProfileid, Zoneid) values (110, 33, 73);
insert into [Maintenance Worker] (EmployeeProfileid, ExecutiveAdminEmployeeProfileid, Zoneid) values (111, 1, 89);
insert into [Maintenance Worker] (EmployeeProfileid, ExecutiveAdminEmployeeProfileid, Zoneid) values (112, 16, 36);
insert into [Maintenance Worker] (EmployeeProfileid, ExecutiveAdminEmployeeProfileid, Zoneid) values (113, 7, 99);
insert into [Maintenance Worker] (EmployeeProfileid, ExecutiveAdminEmployeeProfileid, Zoneid) values (114, 34, 94);
insert into [Maintenance Worker] (EmployeeProfileid, ExecutiveAdminEmployeeProfileid, Zoneid) values (115, 42, 17);
insert into [Maintenance Worker] (EmployeeProfileid, ExecutiveAdminEmployeeProfileid, Zoneid) values (116, 48, 58);
insert into [Maintenance Worker] (EmployeeProfileid, ExecutiveAdminEmployeeProfileid, Zoneid) values (117, 37, 49);
insert into [Maintenance Worker] (EmployeeProfileid, ExecutiveAdminEmployeeProfileid, Zoneid) values (118, 39, 69);
insert into [Maintenance Worker] (EmployeeProfileid, ExecutiveAdminEmployeeProfileid, Zoneid) values (119, 17, 7);
insert into [Maintenance Worker] (EmployeeProfileid, ExecutiveAdminEmployeeProfileid, Zoneid) values (120, 36, 95);
insert into [Maintenance Worker] (EmployeeProfileid, ExecutiveAdminEmployeeProfileid, Zoneid) values (121, 40, 85);
insert into [Maintenance Worker] (EmployeeProfileid, ExecutiveAdminEmployeeProfileid, Zoneid) values (122, 26, 24);
insert into [Maintenance Worker] (EmployeeProfileid, ExecutiveAdminEmployeeProfileid, Zoneid) values (123, 36, 97);
insert into [Maintenance Worker] (EmployeeProfileid, ExecutiveAdminEmployeeProfileid, Zoneid) values (124, 15, 79);
insert into [Maintenance Worker] (EmployeeProfileid, ExecutiveAdminEmployeeProfileid, Zoneid) values (125, 41, 26);
insert into [Maintenance Worker] (EmployeeProfileid, ExecutiveAdminEmployeeProfileid, Zoneid) values (126, 20, 56);
insert into [Maintenance Worker] (EmployeeProfileid, ExecutiveAdminEmployeeProfileid, Zoneid) values (127, 18, 93);
insert into [Maintenance Worker] (EmployeeProfileid, ExecutiveAdminEmployeeProfileid, Zoneid) values (128, 25, 49);
insert into [Maintenance Worker] (EmployeeProfileid, ExecutiveAdminEmployeeProfileid, Zoneid) values (129, 27, 80);
insert into [Maintenance Worker] (EmployeeProfileid, ExecutiveAdminEmployeeProfileid, Zoneid) values (130, 48, 4);
insert into [Maintenance Worker] (EmployeeProfileid, ExecutiveAdminEmployeeProfileid, Zoneid) values (131, 19, 11);
insert into [Maintenance Worker] (EmployeeProfileid, ExecutiveAdminEmployeeProfileid, Zoneid) values (132, 2, 91);
insert into [Maintenance Worker] (EmployeeProfileid, ExecutiveAdminEmployeeProfileid, Zoneid) values (133, 37, 85);
insert into [Maintenance Worker] (EmployeeProfileid, ExecutiveAdminEmployeeProfileid, Zoneid) values (134, 31, 43);
insert into [Maintenance Worker] (EmployeeProfileid, ExecutiveAdminEmployeeProfileid, Zoneid) values (135, 2, 7);
insert into [Maintenance Worker] (EmployeeProfileid, ExecutiveAdminEmployeeProfileid, Zoneid) values (136, 15, 76);
insert into [Maintenance Worker] (EmployeeProfileid, ExecutiveAdminEmployeeProfileid, Zoneid) values (137, 35, 13);
insert into [Maintenance Worker] (EmployeeProfileid, ExecutiveAdminEmployeeProfileid, Zoneid) values (138, 10, 55);
insert into [Maintenance Worker] (EmployeeProfileid, ExecutiveAdminEmployeeProfileid, Zoneid) values (139, 33, 68);
insert into [Maintenance Worker] (EmployeeProfileid, ExecutiveAdminEmployeeProfileid, Zoneid) values (140, 21, 36);
insert into [Maintenance Worker] (EmployeeProfileid, ExecutiveAdminEmployeeProfileid, Zoneid) values (141, 44, 52);
insert into [Maintenance Worker] (EmployeeProfileid, ExecutiveAdminEmployeeProfileid, Zoneid) values (142, 42, 91);
insert into [Maintenance Worker] (EmployeeProfileid, ExecutiveAdminEmployeeProfileid, Zoneid) values (143, 48, 41);
insert into [Maintenance Worker] (EmployeeProfileid, ExecutiveAdminEmployeeProfileid, Zoneid) values (144, 4, 100);
insert into [Maintenance Worker] (EmployeeProfileid, ExecutiveAdminEmployeeProfileid, Zoneid) values (145, 1, 30);
insert into [Maintenance Worker] (EmployeeProfileid, ExecutiveAdminEmployeeProfileid, Zoneid) values (146, 2, 47);
insert into [Maintenance Worker] (EmployeeProfileid, ExecutiveAdminEmployeeProfileid, Zoneid) values (147, 3, 15);
insert into [Maintenance Worker] (EmployeeProfileid, ExecutiveAdminEmployeeProfileid, Zoneid) values (148, 4, 69);
insert into [Maintenance Worker] (EmployeeProfileid, ExecutiveAdminEmployeeProfileid, Zoneid) values (149, 5, 59);
insert into [Maintenance Worker] (EmployeeProfileid, ExecutiveAdminEmployeeProfileid, Zoneid) values (150, 6, 99);
-- Product
SET IDENTITY_INSERT [Product] ON;
insert into [Product] (id, Suppliersupplycode, name, price, description) values (10098, 2173, 'Stone', 900.2, 'Nullam orci pede, venenatis non, sodales sed, tincidunt eu, felis.');
insert into [Product] (id, Suppliersupplycode, name, price, description) values (10419, 2173, 'Brass', 486.9, 'Etiam faucibus cursus urna.');
insert into [Product] (id, Suppliersupplycode, name, price, description) values (11607, 2941, 'Vinyl', 871.3, 'Fusce consequat.');
insert into [Product] (id, Suppliersupplycode, name, price, description) values (12871, 4990, 'Rubber', 71.5, 'In hac habitasse platea dictumst.');
insert into [Product] (id, Suppliersupplycode, name, price, description) values (13082, 9628, 'Brass', 953.4, 'Morbi quis tortor id nulla ultrices aliquet.');
insert into [Product] (id, Suppliersupplycode, name, price, description) values (13465, 2941, 'Steel', 186.6, 'Etiam faucibus cursus urna.');
insert into [Product] (id, Suppliersupplycode, name, price, description) values (13493, 9523, 'Steel', 226.3, 'Fusce consequat.');
insert into [Product] (id, Suppliersupplycode, name, price, description) values (14690, 2941, 'Plastic', 77.8, 'In hac habitasse platea dictumst.');
insert into [Product] (id, Suppliersupplycode, name, price, description) values (15918, 1096, 'Brass', 688.4, 'Maecenas ut massa quis augue luctus tincidunt.');
insert into [Product] (id, Suppliersupplycode, name, price, description) values (16414, 4202, 'Wood', 867.1, 'Nullam porttitor lacus at turpis.');
insert into [Product] (id, Suppliersupplycode, name, price, description) values (16643, 8599, 'Wood', 315.0, 'Nullam porttitor lacus at turpis.');
insert into [Product] (id, Suppliersupplycode, name, price, description) values (17661, 2333, 'Granite', 981.4, 'Vestibulum ante ipsum primis in faucibus orci luctus et ultrices posuere cubilia Curae; Mauris viverra diam vitae quam.');
insert into [Product] (id, Suppliersupplycode, name, price, description) values (18930, 2333, 'Vinyl', 98.7, 'Pellentesque viverra pede ac diam.');
insert into [Product] (id, Suppliersupplycode, name, price, description) values (19112, 4990, 'Wood', 228.7, 'Donec diam neque, vestibulum eget, vulputate ut, ultrices vel, augue.');
insert into [Product] (id, Suppliersupplycode, name, price, description) values (22802, 4202, 'Aluminum', 642.7, 'Fusce congue, diam id ornare imperdiet, sapien urna pretium nisl, ut volutpat sapien arcu sed augue.');
insert into [Product] (id, Suppliersupplycode, name, price, description) values (24060, 8599, 'Glass', 860.2, 'Donec odio justo, sollicitudin ut, suscipit a, feugiat et, eros.');
insert into [Product] (id, Suppliersupplycode, name, price, description) values (25237, 8599, 'Glass', 398.2, 'Etiam justo.');
insert into [Product] (id, Suppliersupplycode, name, price, description) values (28322, 9628, 'Vinyl', 787.1, 'Cras pellentesque volutpat dui.');
insert into [Product] (id, Suppliersupplycode, name, price, description) values (31671, 1096, 'Aluminum', 910.0, 'In tempor, turpis nec euismod scelerisque, quam turpis adipiscing lorem, vitae mattis nibh ligula nec sem.');
insert into [Product] (id, Suppliersupplycode, name, price, description) values (32620, 9469, 'Rubber', 878.2, 'Sed ante.');
insert into [Product] (id, Suppliersupplycode, name, price, description) values (33403, 9523, 'Plastic', 869.2, 'Vivamus vel nulla eget eros elementum pellentesque.');
insert into [Product] (id, Suppliersupplycode, name, price, description) values (33679, 2173, 'Vinyl', 900.9, 'Suspendisse potenti.');
insert into [Product] (id, Suppliersupplycode, name, price, description) values (33705, 2333, 'Plexiglass', 29.2, 'Donec ut dolor.');
insert into [Product] (id, Suppliersupplycode, name, price, description) values (33891, 4202, 'Plexiglass', 351.4, 'In eleifend quam a odio.');
insert into [Product] (id, Suppliersupplycode, name, price, description) values (34258, 4202, 'Plastic', 756.5, 'Suspendisse ornare consequat lectus.');
insert into [Product] (id, Suppliersupplycode, name, price, description) values (38579, 9628, 'Stone', 300.3, 'Maecenas pulvinar lobortis est.');
insert into [Product] (id, Suppliersupplycode, name, price, description) values (38926, 9778, 'Plastic', 944.3, 'Proin risus.');
insert into [Product] (id, Suppliersupplycode, name, price, description) values (39357, 4821, 'Vinyl', 285.4, 'Aenean sit amet justo.');
insert into [Product] (id, Suppliersupplycode, name, price, description) values (42764, 4821, 'Granite', 374.2, 'Vestibulum ac est lacinia nisi venenatis tristique.');
insert into [Product] (id, Suppliersupplycode, name, price, description) values (42981, 5998, 'Plexiglass', 798.7, 'Nullam porttitor lacus at turpis.');
insert into [Product] (id, Suppliersupplycode, name, price, description) values (45290, 9523, 'Vinyl', 214.9, 'Nunc nisl.');
insert into [Product] (id, Suppliersupplycode, name, price, description) values (46120, 7319, 'Rubber', 409.4, 'Suspendisse potenti.');
insert into [Product] (id, Suppliersupplycode, name, price, description) values (47038, 6086, 'Granite', 282.0, 'Nulla nisl.');
insert into [Product] (id, Suppliersupplycode, name, price, description) values (47494, 5998, 'Wood', 587.5, 'Nulla ut erat id mauris vulputate elementum.');
insert into [Product] (id, Suppliersupplycode, name, price, description) values (49415, 2333, 'Brass', 925.7, 'Cras pellentesque volutpat dui.');
insert into [Product] (id, Suppliersupplycode, name, price, description) values (50682, 1096, 'Aluminum', 415.3, 'Proin interdum mauris non ligula pellentesque ultrices.');
insert into [Product] (id, Suppliersupplycode, name, price, description) values (51373, 9523, 'Vinyl', 15.5, 'Cras in purus eu magna vulputate luctus.');
insert into [Product] (id, Suppliersupplycode, name, price, description) values (52241, 4990, 'Plexiglass', 433.1, 'Quisque ut erat.');
insert into [Product] (id, Suppliersupplycode, name, price, description) values (52401, 7319, 'Brass', 674.3, 'Maecenas tincidunt lacus at velit.');
insert into [Product] (id, Suppliersupplycode, name, price, description) values (53161, 7319, 'Rubber', 511.4, 'Morbi non quam nec dui luctus rutrum.');
insert into [Product] (id, Suppliersupplycode, name, price, description) values (53894, 8599, 'Brass', 502.0, 'Vestibulum rutrum rutrum neque.');
insert into [Product] (id, Suppliersupplycode, name, price, description) values (54151, 5998, 'Aluminum', 120.2, 'Nullam molestie nibh in lectus.');
insert into [Product] (id, Suppliersupplycode, name, price, description) values (54893, 3603, 'Granite', 841.0, 'In hac habitasse platea dictumst.');
insert into [Product] (id, Suppliersupplycode, name, price, description) values (55880, 2941, 'Steel', 196.8, 'Aliquam non mauris.');
insert into [Product] (id, Suppliersupplycode, name, price, description) values (57051, 9628, 'Steel', 421.8, 'Donec ut dolor.');
insert into [Product] (id, Suppliersupplycode, name, price, description) values (57172, 3603, 'Brass', 345.3, 'Proin leo odio, porttitor id, consequat in, consequat ut, nulla.');
insert into [Product] (id, Suppliersupplycode, name, price, description) values (57763, 9523, 'Granite', 680.8, 'Phasellus in felis.');
insert into [Product] (id, Suppliersupplycode, name, price, description) values (59203, 9469, 'Aluminum', 897.7, 'Nulla facilisi.');
insert into [Product] (id, Suppliersupplycode, name, price, description) values (59483, 2941, 'Plexiglass', 295.3, 'Maecenas ut massa quis augue luctus tincidunt.');
insert into [Product] (id, Suppliersupplycode, name, price, description) values (59503, 5998, 'Brass', 232.8, 'Donec ut mauris eget massa tempor convallis.');
insert into [Product] (id, Suppliersupplycode, name, price, description) values (59629, 2173, 'Steel', 818.3, 'Quisque erat eros, viverra eget, congue eget, semper rutrum, nulla.');
insert into [Product] (id, Suppliersupplycode, name, price, description) values (59805, 9523, 'Steel', 911.9, 'Integer a nibh.');
insert into [Product] (id, Suppliersupplycode, name, price, description) values (60408, 1096, 'Stone', 219.2, 'Mauris lacinia sapien quis libero.');
insert into [Product] (id, Suppliersupplycode, name, price, description) values (60795, 2333, 'Rubber', 113.6, 'Vivamus metus arcu, adipiscing molestie, hendrerit at, vulputate vitae, nisl.');
insert into [Product] (id, Suppliersupplycode, name, price, description) values (62216, 6920, 'Plastic', 279.4, 'Nulla ut erat id mauris vulputate elementum.');
insert into [Product] (id, Suppliersupplycode, name, price, description) values (66582, 6086, 'Stone', 664.3, 'Etiam vel augue.');
insert into [Product] (id, Suppliersupplycode, name, price, description) values (66908, 2333, 'Steel', 595.7, 'Maecenas tincidunt lacus at velit.');
insert into [Product] (id, Suppliersupplycode, name, price, description) values (69015, 1096, 'Glass', 884.0, 'Pellentesque viverra pede ac diam.');
insert into [Product] (id, Suppliersupplycode, name, price, description) values (71060, 6086, 'Aluminum', 843.1, 'Curabitur at ipsum ac tellus semper interdum.');
insert into [Product] (id, Suppliersupplycode, name, price, description) values (71084, 4202, 'Steel', 318.4, 'Pellentesque viverra pede ac diam.');
insert into [Product] (id, Suppliersupplycode, name, price, description) values (71559, 3603, 'Rubber', 527.3, 'Maecenas tristique, est et tempus semper, est quam pharetra magna, ac consequat metus sapien ut nunc.');
insert into [Product] (id, Suppliersupplycode, name, price, description) values (72076, 2333, 'Vinyl', 576.8, 'Nullam porttitor lacus at turpis.');
insert into [Product] (id, Suppliersupplycode, name, price, description) values (72920, 8599, 'Plexiglass', 887.0, 'Nulla nisl.');
insert into [Product] (id, Suppliersupplycode, name, price, description) values (73398, 1096, 'Stone', 216.8, 'Duis consequat dui nec nisi volutpat eleifend.');
insert into [Product] (id, Suppliersupplycode, name, price, description) values (73526, 9628, 'Stone', 205.4, 'Sed ante.');
insert into [Product] (id, Suppliersupplycode, name, price, description) values (74440, 8599, 'Brass', 712.0, 'In quis justo.');
insert into [Product] (id, Suppliersupplycode, name, price, description) values (74994, 9628, 'Glass', 818.1, 'Quisque erat eros, viverra eget, congue eget, semper rutrum, nulla.');
insert into [Product] (id, Suppliersupplycode, name, price, description) values (75176, 6920, 'Steel', 33.9, 'Donec vitae nisi.');
insert into [Product] (id, Suppliersupplycode, name, price, description) values (75688, 9628, 'Wood', 457.5, 'Suspendisse potenti.');
insert into [Product] (id, Suppliersupplycode, name, price, description) values (75837, 6086, 'Vinyl', 172.3, 'Nulla suscipit ligula in lacus.');
insert into [Product] (id, Suppliersupplycode, name, price, description) values (77327, 2173, 'Wood', 379.4, 'Donec vitae nisi.');
insert into [Product] (id, Suppliersupplycode, name, price, description) values (78372, 2173, 'Rubber', 949.4, 'Cras mi pede, malesuada in, imperdiet et, commodo vulputate, justo.');
insert into [Product] (id, Suppliersupplycode, name, price, description) values (80646, 4990, 'Wood', 236.2, 'Duis at velit eu est congue elementum.');
insert into [Product] (id, Suppliersupplycode, name, price, description) values (81163, 2173, 'Granite', 164.5, 'In hac habitasse platea dictumst.');
insert into [Product] (id, Suppliersupplycode, name, price, description) values (81266, 4821, 'Brass', 227.8, 'Integer non velit.');
insert into [Product] (id, Suppliersupplycode, name, price, description) values (82308, 8599, 'Steel', 590.3, 'Phasellus sit amet erat.');
insert into [Product] (id, Suppliersupplycode, name, price, description) values (82626, 9523, 'Plastic', 960.0, 'Nulla justo.');
insert into [Product] (id, Suppliersupplycode, name, price, description) values (83481, 4821, 'Vinyl', 224.9, 'Curabitur at ipsum ac tellus semper interdum.');
insert into [Product] (id, Suppliersupplycode, name, price, description) values (83555, 2333, 'Aluminum', 415.5, 'Curabitur gravida nisi at nibh.');
insert into [Product] (id, Suppliersupplycode, name, price, description) values (86095, 2333, 'Wood', 478.4, 'Vivamus vel nulla eget eros elementum pellentesque.');
insert into [Product] (id, Suppliersupplycode, name, price, description) values (86503, 7319, 'Stone', 984.6, 'Mauris enim leo, rhoncus sed, vestibulum sit amet, cursus id, turpis.');
insert into [Product] (id, Suppliersupplycode, name, price, description) values (86821, 2333, 'Steel', 283.1, 'Cras pellentesque volutpat dui.');
insert into [Product] (id, Suppliersupplycode, name, price, description) values (86884, 1096, 'Brass', 147.1, 'Cum sociis natoque penatibus et magnis dis parturient montes, nascetur ridiculus mus.');
insert into [Product] (id, Suppliersupplycode, name, price, description) values (87057, 4990, 'Plastic', 162.5, 'Suspendisse potenti.');
insert into [Product] (id, Suppliersupplycode, name, price, description) values (87299, 9523, 'Steel', 689.7, 'Proin leo odio, porttitor id, consequat in, consequat ut, nulla.');
insert into [Product] (id, Suppliersupplycode, name, price, description) values (87512, 9523, 'Rubber', 338.5, 'Aenean auctor gravida sem.');
insert into [Product] (id, Suppliersupplycode, name, price, description) values (91290, 2333, 'Plastic', 596.4, 'In eleifend quam a odio.');
insert into [Product] (id, Suppliersupplycode, name, price, description) values (93193, 7319, 'Granite', 415.0, 'Etiam vel augue.');
insert into [Product] (id, Suppliersupplycode, name, price, description) values (93608, 9523, 'Wood', 228.4, 'Sed accumsan felis.');
insert into [Product] (id, Suppliersupplycode, name, price, description) values (94340, 5998, 'Plastic', 310.9, 'Aliquam non mauris.');
insert into [Product] (id, Suppliersupplycode, name, price, description) values (95428, 4990, 'Steel', 90.2, 'Quisque erat eros, viverra eget, congue eget, semper rutrum, nulla.');
insert into [Product] (id, Suppliersupplycode, name, price, description) values (96632, 2173, 'Aluminum', 392.3, 'Nam ultrices, libero non mattis pulvinar, nulla pede ullamcorper augue, a suscipit nulla elit ac nulla.');
insert into [Product] (id, Suppliersupplycode, name, price, description) values (96879, 5998, 'Vinyl', 879.0, 'Morbi sem mauris, laoreet ut, rhoncus aliquet, pulvinar sed, nisl.');
insert into [Product] (id, Suppliersupplycode, name, price, description) values (96890, 3603, 'Aluminum', 127.5, 'Fusce congue, diam id ornare imperdiet, sapien urna pretium nisl, ut volutpat sapien arcu sed augue.');
insert into [Product] (id, Suppliersupplycode, name, price, description) values (97187, 7319, 'Granite', 977.4, 'Integer ac leo.');
insert into [Product] (id, Suppliersupplycode, name, price, description) values (97500, 2941, 'Plexiglass', 595.0, 'Pellentesque viverra pede ac diam.');
insert into [Product] (id, Suppliersupplycode, name, price, description) values (98068, 4990, 'Glass', 124.3, 'Lorem ipsum dolor sit amet, consectetuer adipiscing elit.');
insert into [Product] (id, Suppliersupplycode, name, price, description) values (98428, 6086, 'Plastic', 243.7, 'Integer tincidunt ante vel ipsum.');
insert into [Product] (id, Suppliersupplycode, name, price, description) values (99439, 5998, 'Wood', 730.9, 'Vivamus metus arcu, adipiscing molestie, hendrerit at, vulputate vitae, nisl.');
insert into [Product] (id, Suppliersupplycode, name, price, description) values (99491, 2173, 'Plastic', 868.2, 'In blandit ultrices enim.');
SET IDENTITY_INSERT [Product] OFF;
-- Supply Order
SET IDENTITY_INSERT [Supply Order] ON;
insert into [Supply Order] (orderno, Suppliersupplycode, ExecutiveAdminEmployeeProfileid, Productid, Sensorid, date, quantity, notes) values (1, 8599, 40, 19112, 10, '2020-08-06', 45, 'Phasellus in felis.');
insert into [Supply Order] (orderno, Suppliersupplycode, ExecutiveAdminEmployeeProfileid, Productid, Sensorid, date, quantity, notes) values (2, 4821, 46, 47038, 67, '2022-12-25', 84, null);
insert into [Supply Order] (orderno, Suppliersupplycode, ExecutiveAdminEmployeeProfileid, Productid, Sensorid, date, quantity, notes) values (3, 9628, 29, 97187, 27, '2022-07-23', 37, 'Donec ut dolor.');
insert into [Supply Order] (orderno, Suppliersupplycode, ExecutiveAdminEmployeeProfileid, Productid, Sensorid, date, quantity, notes) values (4, 4821, 26, 81163, 83, '2021-05-20', 86, 'Aenean fermentum.');
insert into [Supply Order] (orderno, Suppliersupplycode, ExecutiveAdminEmployeeProfileid, Productid, Sensorid, date, quantity, notes) values (5, 5122, 7, 24060, 39, '2023-06-02', 94, null);
insert into [Supply Order] (orderno, Suppliersupplycode, ExecutiveAdminEmployeeProfileid, Productid, Sensorid, date, quantity, notes) values (6, 9469, 45, 81163, 53, '2020-04-13', 43, null);
insert into [Supply Order] (orderno, Suppliersupplycode, ExecutiveAdminEmployeeProfileid, Productid, Sensorid, date, quantity, notes) values (7, 2333, 32, 71060, 42, '2023-01-17', 15, 'Nam dui.');
insert into [Supply Order] (orderno, Suppliersupplycode, ExecutiveAdminEmployeeProfileid, Productid, Sensorid, date, quantity, notes) values (8, 5998, 29, 57763, 97, '2021-03-21', 8, null);
insert into [Supply Order] (orderno, Suppliersupplycode, ExecutiveAdminEmployeeProfileid, Productid, Sensorid, date, quantity, notes) values (9, 9628, 45, 53894, 80, '2021-03-06', 49, null);
insert into [Supply Order] (orderno, Suppliersupplycode, ExecutiveAdminEmployeeProfileid, Productid, Sensorid, date, quantity, notes) values (10, 2008, 17, 24060, 100, '2020-09-26', 43, 'In tempor, turpis nec euismod scelerisque, quam turpis adipiscing lorem, vitae mattis nibh ligula nec sem.');
insert into [Supply Order] (orderno, Suppliersupplycode, ExecutiveAdminEmployeeProfileid, Productid, Sensorid, date, quantity, notes) values (11, 4202, 42, 78372, 54, '2020-06-23', 50, 'Maecenas leo odio, condimentum id, luctus nec, molestie sed, justo.');
insert into [Supply Order] (orderno, Suppliersupplycode, ExecutiveAdminEmployeeProfileid, Productid, Sensorid, date, quantity, notes) values (12, 2333, 14, 86821, 10, '2020-09-03', 72, null);
insert into [Supply Order] (orderno, Suppliersupplycode, ExecutiveAdminEmployeeProfileid, Productid, Sensorid, date, quantity, notes) values (13, 4202, 26, 97500, 30, '2020-02-28', 16, 'Donec diam neque, vestibulum eget, vulputate ut, ultrices vel, augue.');
insert into [Supply Order] (orderno, Suppliersupplycode, ExecutiveAdminEmployeeProfileid, Productid, Sensorid, date, quantity, notes) values (14, 7319, 12, 82626, 46, '2023-01-18', 1, null);
insert into [Supply Order] (orderno, Suppliersupplycode, ExecutiveAdminEmployeeProfileid, Productid, Sensorid, date, quantity, notes) values (15, 6086, 15, 60795, 86, '2021-02-14', 55, null);
insert into [Supply Order] (orderno, Suppliersupplycode, ExecutiveAdminEmployeeProfileid, Productid, Sensorid, date, quantity, notes) values (16, 4202, 28, 86884, 27, '2020-07-26', 67, 'Etiam vel augue.');
insert into [Supply Order] (orderno, Suppliersupplycode, ExecutiveAdminEmployeeProfileid, Productid, Sensorid, date, quantity, notes) values (17, 4202, 6, 10098, 46, '2022-11-07', 53, 'Nullam varius.');
insert into [Supply Order] (orderno, Suppliersupplycode, ExecutiveAdminEmployeeProfileid, Productid, Sensorid, date, quantity, notes) values (18, 4202, 29, 25237, 72, '2023-02-02', 1, null);
insert into [Supply Order] (orderno, Suppliersupplycode, ExecutiveAdminEmployeeProfileid, Productid, Sensorid, date, quantity, notes) values (19, 6086, 24, 38579, 76, '2020-06-24', 37, 'Morbi vestibulum, velit id pretium iaculis, diam erat fermentum justo, nec condimentum neque sapien placerat ante.');
insert into [Supply Order] (orderno, Suppliersupplycode, ExecutiveAdminEmployeeProfileid, Productid, Sensorid, date, quantity, notes) values (20, 5998, 26, 16643, 78, '2021-02-19', 15, null);
insert into [Supply Order] (orderno, Suppliersupplycode, ExecutiveAdminEmployeeProfileid, Productid, Sensorid, date, quantity, notes) values (21, 9469, 25, 78372, 5, '2020-06-10', 2, 'Duis bibendum, felis sed interdum venenatis, turpis enim blandit mi, in porttitor pede justo eu massa.');
insert into [Supply Order] (orderno, Suppliersupplycode, ExecutiveAdminEmployeeProfileid, Productid, Sensorid, date, quantity, notes) values (22, 4202, 27, 10098, 79, '2021-07-29', 33, null);
insert into [Supply Order] (orderno, Suppliersupplycode, ExecutiveAdminEmployeeProfileid, Productid, Sensorid, date, quantity, notes) values (23, 6086, 35, 45290, 80, '2022-05-09', 66, 'Praesent blandit lacinia erat.');
insert into [Supply Order] (orderno, Suppliersupplycode, ExecutiveAdminEmployeeProfileid, Productid, Sensorid, date, quantity, notes) values (24, 2008, 29, 91290, 62, '2023-06-11', 16, null);
insert into [Supply Order] (orderno, Suppliersupplycode, ExecutiveAdminEmployeeProfileid, Productid, Sensorid, date, quantity, notes) values (25, 3603, 12, 47038, 2, '2020-10-26', 68, 'Aliquam sit amet diam in magna bibendum imperdiet.');
insert into [Supply Order] (orderno, Suppliersupplycode, ExecutiveAdminEmployeeProfileid, Productid, Sensorid, date, quantity, notes) values (26, 2481, 46, 82626, 74, '2023-03-19', 62, null);
insert into [Supply Order] (orderno, Suppliersupplycode, ExecutiveAdminEmployeeProfileid, Productid, Sensorid, date, quantity, notes) values (27, 4821, 17, 34258, 93, '2022-08-25', 23, null);
insert into [Supply Order] (orderno, Suppliersupplycode, ExecutiveAdminEmployeeProfileid, Productid, Sensorid, date, quantity, notes) values (28, 7319, 34, 16643, 7, '2020-08-31', 58, 'Mauris enim leo, rhoncus sed, vestibulum sit amet, cursus id, turpis.');
insert into [Supply Order] (orderno, Suppliersupplycode, ExecutiveAdminEmployeeProfileid, Productid, Sensorid, date, quantity, notes) values (29, 9523, 4, 59805, 55, '2020-07-24', 24, null);
insert into [Supply Order] (orderno, Suppliersupplycode, ExecutiveAdminEmployeeProfileid, Productid, Sensorid, date, quantity, notes) values (30, 9523, 34, 82308, 25, '2020-03-19', 51, null);
insert into [Supply Order] (orderno, Suppliersupplycode, ExecutiveAdminEmployeeProfileid, Productid, Sensorid, date, quantity, notes) values (31, 4202, 12, 81163, 34, '2022-02-20', 46, null);
insert into [Supply Order] (orderno, Suppliersupplycode, ExecutiveAdminEmployeeProfileid, Productid, Sensorid, date, quantity, notes) values (32, 2008, 46, 28322, 73, '2021-11-26', 67, 'Sed vel enim sit amet nunc viverra dapibus.');
insert into [Supply Order] (orderno, Suppliersupplycode, ExecutiveAdminEmployeeProfileid, Productid, Sensorid, date, quantity, notes) values (33, 2008, 11, 28322, 93, '2021-11-23', 53, 'Morbi a ipsum.');
insert into [Supply Order] (orderno, Suppliersupplycode, ExecutiveAdminEmployeeProfileid, Productid, Sensorid, date, quantity, notes) values (34, 2173, 17, 71084, 31, '2023-06-26', 61, 'Vestibulum ante ipsum primis in faucibus orci luctus et ultrices posuere cubilia Curae; Donec pharetra, magna vestibulum aliquet ultrices, erat tortor sollicitudin mi, sit amet lobortis sapien sapien non mi.');
insert into [Supply Order] (orderno, Suppliersupplycode, ExecutiveAdminEmployeeProfileid, Productid, Sensorid, date, quantity, notes) values (35, 9628, 20, 91290, 8, '2022-09-28', 60, 'Morbi vel lectus in quam fringilla rhoncus.');
insert into [Supply Order] (orderno, Suppliersupplycode, ExecutiveAdminEmployeeProfileid, Productid, Sensorid, date, quantity, notes) values (36, 9628, 25, 16643, 85, '2022-04-15', 34, null);
insert into [Supply Order] (orderno, Suppliersupplycode, ExecutiveAdminEmployeeProfileid, Productid, Sensorid, date, quantity, notes) values (37, 2008, 29, 24060, 8, '2020-11-12', 84, 'Vestibulum ante ipsum primis in faucibus orci luctus et ultrices posuere cubilia Curae; Nulla dapibus dolor vel est.');
insert into [Supply Order] (orderno, Suppliersupplycode, ExecutiveAdminEmployeeProfileid, Productid, Sensorid, date, quantity, notes) values (38, 2941, 28, 12871, 94, '2021-01-28', 34, null);
insert into [Supply Order] (orderno, Suppliersupplycode, ExecutiveAdminEmployeeProfileid, Productid, Sensorid, date, quantity, notes) values (39, 4202, 28, 52241, 33, '2020-11-18', 32, 'Praesent blandit lacinia erat.');
insert into [Supply Order] (orderno, Suppliersupplycode, ExecutiveAdminEmployeeProfileid, Productid, Sensorid, date, quantity, notes) values (40, 1096, 27, 93608, 82, '2023-06-18', 100, 'Donec diam neque, vestibulum eget, vulputate ut, ultrices vel, augue.');
insert into [Supply Order] (orderno, Suppliersupplycode, ExecutiveAdminEmployeeProfileid, Productid, Sensorid, date, quantity, notes) values (41, 9523, 46, 71084, 22, '2020-08-30', 62, 'Morbi a ipsum.');
insert into [Supply Order] (orderno, Suppliersupplycode, ExecutiveAdminEmployeeProfileid, Productid, Sensorid, date, quantity, notes) values (42, 4202, 30, 16643, 36, '2020-12-05', 97, null);
insert into [Supply Order] (orderno, Suppliersupplycode, ExecutiveAdminEmployeeProfileid, Productid, Sensorid, date, quantity, notes) values (43, 8599, 26, 86821, 13, '2020-04-19', 81, 'Donec dapibus.');
insert into [Supply Order] (orderno, Suppliersupplycode, ExecutiveAdminEmployeeProfileid, Productid, Sensorid, date, quantity, notes) values (44, 2173, 29, 81163, 91, '2021-04-09', 87, 'Morbi quis tortor id nulla ultrices aliquet.');
insert into [Supply Order] (orderno, Suppliersupplycode, ExecutiveAdminEmployeeProfileid, Productid, Sensorid, date, quantity, notes) values (45, 9778, 38, 75688, 45, '2020-03-18', 79, null);
insert into [Supply Order] (orderno, Suppliersupplycode, ExecutiveAdminEmployeeProfileid, Productid, Sensorid, date, quantity, notes) values (46, 7319, 28, 74440, 74, '2022-03-28', 25, 'Integer pede justo, lacinia eget, tincidunt eget, tempus vel, pede.');
insert into [Supply Order] (orderno, Suppliersupplycode, ExecutiveAdminEmployeeProfileid, Productid, Sensorid, date, quantity, notes) values (47, 9628, 24, 98068, 90, '2020-04-09', 76, null);
insert into [Supply Order] (orderno, Suppliersupplycode, ExecutiveAdminEmployeeProfileid, Productid, Sensorid, date, quantity, notes) values (48, 9523, 38, 93193, 30, '2022-10-04', 58, null);
insert into [Supply Order] (orderno, Suppliersupplycode, ExecutiveAdminEmployeeProfileid, Productid, Sensorid, date, quantity, notes) values (49, 2333, 12, 28322, 33, '2023-03-08', 74, null);
insert into [Supply Order] (orderno, Suppliersupplycode, ExecutiveAdminEmployeeProfileid, Productid, Sensorid, date, quantity, notes) values (50, 9778, 34, 42981, 68, '2022-04-07', 92, 'In hac habitasse platea dictumst.');
insert into [Supply Order] (orderno, Suppliersupplycode, ExecutiveAdminEmployeeProfileid, Productid, Sensorid, date, quantity, notes) values (51, 9469, 12, 49415, 94, '2023-05-27', 69, null);
insert into [Supply Order] (orderno, Suppliersupplycode, ExecutiveAdminEmployeeProfileid, Productid, Sensorid, date, quantity, notes) values (52, 3603, 26, 24060, 26, '2022-12-18', 39, null);
insert into [Supply Order] (orderno, Suppliersupplycode, ExecutiveAdminEmployeeProfileid, Productid, Sensorid, date, quantity, notes) values (53, 2333, 46, 38926, 35, '2023-04-23', 28, null);
insert into [Supply Order] (orderno, Suppliersupplycode, ExecutiveAdminEmployeeProfileid, Productid, Sensorid, date, quantity, notes) values (54, 9469, 6, 91290, 40, '2021-02-27', 13, null);
insert into [Supply Order] (orderno, Suppliersupplycode, ExecutiveAdminEmployeeProfileid, Productid, Sensorid, date, quantity, notes) values (55, 5998, 26, 12871, 1, '2021-04-30', 16, 'Curabitur in libero ut massa volutpat convallis.');
insert into [Supply Order] (orderno, Suppliersupplycode, ExecutiveAdminEmployeeProfileid, Productid, Sensorid, date, quantity, notes) values (56, 7319, 29, 81163, 75, '2020-01-01', 56, null);
insert into [Supply Order] (orderno, Suppliersupplycode, ExecutiveAdminEmployeeProfileid, Productid, Sensorid, date, quantity, notes) values (57, 4990, 24, 74994, 31, '2021-11-22', 79, 'Maecenas rhoncus aliquam lacus.');
insert into [Supply Order] (orderno, Suppliersupplycode, ExecutiveAdminEmployeeProfileid, Productid, Sensorid, date, quantity, notes) values (58, 6086, 28, 86884, 79, '2022-04-15', 18, 'Vestibulum ante ipsum primis in faucibus orci luctus et ultrices posuere cubilia Curae; Mauris viverra diam vitae quam.');
insert into [Supply Order] (orderno, Suppliersupplycode, ExecutiveAdminEmployeeProfileid, Productid, Sensorid, date, quantity, notes) values (59, 2481, 11, 83481, 89, '2020-05-03', 30, 'Vestibulum sed magna at nunc commodo placerat.');
insert into [Supply Order] (orderno, Suppliersupplycode, ExecutiveAdminEmployeeProfileid, Productid, Sensorid, date, quantity, notes) values (60, 2173, 34, 93608, 26, '2022-07-21', 1, null);
insert into [Supply Order] (orderno, Suppliersupplycode, ExecutiveAdminEmployeeProfileid, Productid, Sensorid, date, quantity, notes) values (61, 2941, 27, 77327, 99, '2022-02-11', 61, null);
insert into [Supply Order] (orderno, Suppliersupplycode, ExecutiveAdminEmployeeProfileid, Productid, Sensorid, date, quantity, notes) values (62, 4202, 46, 83481, 23, '2020-12-12', 63, 'Maecenas ut massa quis augue luctus tincidunt.');
insert into [Supply Order] (orderno, Suppliersupplycode, ExecutiveAdminEmployeeProfileid, Productid, Sensorid, date, quantity, notes) values (63, 2173, 11, 13082, 44, '2021-04-26', 72, null);
insert into [Supply Order] (orderno, Suppliersupplycode, ExecutiveAdminEmployeeProfileid, Productid, Sensorid, date, quantity, notes) values (64, 5998, 24, 38926, 98, '2023-02-22', 50, null);
insert into [Supply Order] (orderno, Suppliersupplycode, ExecutiveAdminEmployeeProfileid, Productid, Sensorid, date, quantity, notes) values (65, 9469, 40, 52401, 50, '2020-12-30', 75, null);
insert into [Supply Order] (orderno, Suppliersupplycode, ExecutiveAdminEmployeeProfileid, Productid, Sensorid, date, quantity, notes) values (66, 3603, 31, 97500, 96, '2020-08-21', 66, null);
insert into [Supply Order] (orderno, Suppliersupplycode, ExecutiveAdminEmployeeProfileid, Productid, Sensorid, date, quantity, notes) values (67, 2941, 37, 24060, 4, '2020-09-13', 100, 'Integer aliquet, massa id lobortis convallis, tortor risus dapibus augue, vel accumsan tellus nisi eu orci.');
insert into [Supply Order] (orderno, Suppliersupplycode, ExecutiveAdminEmployeeProfileid, Productid, Sensorid, date, quantity, notes) values (68, 7319, 9, 73526, 68, '2023-03-05', 50, null);
insert into [Supply Order] (orderno, Suppliersupplycode, ExecutiveAdminEmployeeProfileid, Productid, Sensorid, date, quantity, notes) values (69, 9778, 10, 49415, 65, '2021-09-01', 30, null);
insert into [Supply Order] (orderno, Suppliersupplycode, ExecutiveAdminEmployeeProfileid, Productid, Sensorid, date, quantity, notes) values (70, 6086, 31, 42981, 31, '2022-06-08', 100, 'Phasellus in felis.');
insert into [Supply Order] (orderno, Suppliersupplycode, ExecutiveAdminEmployeeProfileid, Productid, Sensorid, date, quantity, notes) values (71, 3603, 35, 57172, 80, '2020-07-19', 30, null);
insert into [Supply Order] (orderno, Suppliersupplycode, ExecutiveAdminEmployeeProfileid, Productid, Sensorid, date, quantity, notes) values (72, 4821, 24, 16643, 86, '2023-04-29', 37, 'Nunc rhoncus dui vel sem.');
insert into [Supply Order] (orderno, Suppliersupplycode, ExecutiveAdminEmployeeProfileid, Productid, Sensorid, date, quantity, notes) values (73, 7319, 46, 33891, 72, '2021-06-21', 29, 'Duis consequat dui nec nisi volutpat eleifend.');
insert into [Supply Order] (orderno, Suppliersupplycode, ExecutiveAdminEmployeeProfileid, Productid, Sensorid, date, quantity, notes) values (74, 4990, 45, 81163, 1, '2023-01-21', 12, null);
insert into [Supply Order] (orderno, Suppliersupplycode, ExecutiveAdminEmployeeProfileid, Productid, Sensorid, date, quantity, notes) values (75, 2008, 7, 78372, 17, '2021-09-05', 18, 'Duis bibendum, felis sed interdum venenatis, turpis enim blandit mi, in porttitor pede justo eu massa.');
insert into [Supply Order] (orderno, Suppliersupplycode, ExecutiveAdminEmployeeProfileid, Productid, Sensorid, date, quantity, notes) values (76, 6920, 35, 53894, 47, '2023-05-31', 69, 'Vestibulum ante ipsum primis in faucibus orci luctus et ultrices posuere cubilia Curae; Donec pharetra, magna vestibulum aliquet ultrices, erat tortor sollicitudin mi, sit amet lobortis sapien sapien non mi.');
insert into [Supply Order] (orderno, Suppliersupplycode, ExecutiveAdminEmployeeProfileid, Productid, Sensorid, date, quantity, notes) values (77, 3603, 4, 97500, 19, '2021-08-15', 51, null);
insert into [Supply Order] (orderno, Suppliersupplycode, ExecutiveAdminEmployeeProfileid, Productid, Sensorid, date, quantity, notes) values (78, 6920, 9, 24060, 54, '2022-11-08', 73, 'Morbi odio odio, elementum eu, interdum eu, tincidunt in, leo.');
insert into [Supply Order] (orderno, Suppliersupplycode, ExecutiveAdminEmployeeProfileid, Productid, Sensorid, date, quantity, notes) values (79, 6086, 17, 16643, 18, '2021-08-12', 14, 'In hac habitasse platea dictumst.');
insert into [Supply Order] (orderno, Suppliersupplycode, ExecutiveAdminEmployeeProfileid, Productid, Sensorid, date, quantity, notes) values (80, 2173, 40, 71060, 11, '2022-06-30', 10, 'Nunc purus.');
insert into [Supply Order] (orderno, Suppliersupplycode, ExecutiveAdminEmployeeProfileid, Productid, Sensorid, date, quantity, notes) values (81, 4202, 16, 55880, 4, '2020-10-12', 3, null);
insert into [Supply Order] (orderno, Suppliersupplycode, ExecutiveAdminEmployeeProfileid, Productid, Sensorid, date, quantity, notes) values (82, 1096, 10, 16643, 54, '2022-10-23', 47, 'Cras pellentesque volutpat dui.');
insert into [Supply Order] (orderno, Suppliersupplycode, ExecutiveAdminEmployeeProfileid, Productid, Sensorid, date, quantity, notes) values (83, 5998, 7, 74440, 25, '2021-12-25', 78, null);
insert into [Supply Order] (orderno, Suppliersupplycode, ExecutiveAdminEmployeeProfileid, Productid, Sensorid, date, quantity, notes) values (84, 2333, 23, 81163, 31, '2022-08-14', 3, null);
insert into [Supply Order] (orderno, Suppliersupplycode, ExecutiveAdminEmployeeProfileid, Productid, Sensorid, date, quantity, notes) values (85, 9523, 9, 51373, 45, '2023-03-15', 13, null);
insert into [Supply Order] (orderno, Suppliersupplycode, ExecutiveAdminEmployeeProfileid, Productid, Sensorid, date, quantity, notes) values (86, 7319, 32, 10419, 11, '2020-09-16', 65, null);
insert into [Supply Order] (orderno, Suppliersupplycode, ExecutiveAdminEmployeeProfileid, Productid, Sensorid, date, quantity, notes) values (87, 9469, 10, 33403, 35, '2021-07-30', 94, 'Nulla neque libero, convallis eget, eleifend luctus, ultricies eu, nibh.');
insert into [Supply Order] (orderno, Suppliersupplycode, ExecutiveAdminEmployeeProfileid, Productid, Sensorid, date, quantity, notes) values (88, 4202, 24, 52241, 59, '2020-02-29', 23, 'Nullam sit amet turpis elementum ligula vehicula consequat.');
insert into [Supply Order] (orderno, Suppliersupplycode, ExecutiveAdminEmployeeProfileid, Productid, Sensorid, date, quantity, notes) values (89, 8599, 38, 47038, 41, '2020-01-13', 17, null);
insert into [Supply Order] (orderno, Suppliersupplycode, ExecutiveAdminEmployeeProfileid, Productid, Sensorid, date, quantity, notes) values (90, 4990, 12, 82626, 47, '2021-08-25', 26, null);
insert into [Supply Order] (orderno, Suppliersupplycode, ExecutiveAdminEmployeeProfileid, Productid, Sensorid, date, quantity, notes) values (91, 6920, 20, 52401, 98, '2020-08-17', 89, 'Sed vel enim sit amet nunc viverra dapibus.');
insert into [Supply Order] (orderno, Suppliersupplycode, ExecutiveAdminEmployeeProfileid, Productid, Sensorid, date, quantity, notes) values (92, 6920, 16, 17661, 33, '2021-05-05', 69, 'Suspendisse potenti.');
insert into [Supply Order] (orderno, Suppliersupplycode, ExecutiveAdminEmployeeProfileid, Productid, Sensorid, date, quantity, notes) values (93, 2941, 23, 17661, 56, '2023-01-07', 73, null);
insert into [Supply Order] (orderno, Suppliersupplycode, ExecutiveAdminEmployeeProfileid, Productid, Sensorid, date, quantity, notes) values (94, 2481, 6, 34258, 28, '2021-07-13', 41, null);
insert into [Supply Order] (orderno, Suppliersupplycode, ExecutiveAdminEmployeeProfileid, Productid, Sensorid, date, quantity, notes) values (95, 9523, 29, 59483, 18, '2022-07-14', 74, null);
insert into [Supply Order] (orderno, Suppliersupplycode, ExecutiveAdminEmployeeProfileid, Productid, Sensorid, date, quantity, notes) values (96, 2941, 48, 59805, 89, '2021-04-09', 38, 'Nulla mollis molestie lorem.');
insert into [Supply Order] (orderno, Suppliersupplycode, ExecutiveAdminEmployeeProfileid, Productid, Sensorid, date, quantity, notes) values (97, 5998, 41, 71060, 72, '2022-12-28', 14, null);
insert into [Supply Order] (orderno, Suppliersupplycode, ExecutiveAdminEmployeeProfileid, Productid, Sensorid, date, quantity, notes) values (98, 5998, 45, 69015, 41, '2022-09-06', 74, null);
insert into [Supply Order] (orderno, Suppliersupplycode, ExecutiveAdminEmployeeProfileid, Productid, Sensorid, date, quantity, notes) values (99, 2333, 12, 86884, 55, '2022-04-16', 76, 'Integer aliquet, massa id lobortis convallis, tortor risus dapibus augue, vel accumsan tellus nisi eu orci.');
insert into [Supply Order] (orderno, Suppliersupplycode, ExecutiveAdminEmployeeProfileid, Productid, Sensorid, date, quantity, notes) values (100, 2333, 17, 57763, 26, '2022-02-06', 81, 'Nullam molestie nibh in lectus.');
SET IDENTITY_INSERT [Supply Order] OFF;

-- Contract
insert into [Contract] (id, Clientid, SalesRepEmployeeProfileid, signeddate, [status]) values (1, 1, 56, '2021-12-10', 'current');
insert into [Contract] (id, Clientid, SalesRepEmployeeProfileid, signeddate, [status]) values (2, 2, 57, '2022-08-02', 'current');
insert into [Contract] (id, Clientid, SalesRepEmployeeProfileid, signeddate, [status]) values (3, 3, 62, '2022-05-06', 'current');
insert into [Contract] (id, Clientid, SalesRepEmployeeProfileid, signeddate, [status]) values (4, 4, 68, '2022-10-24', 'current');
insert into [Contract] (id, Clientid, SalesRepEmployeeProfileid, signeddate, [status]) values (5, 5, 82, '2021-03-24', 'current');
insert into [Contract] (id, Clientid, SalesRepEmployeeProfileid, signeddate, [status]) values (6, 6, 68, '2020-11-18', 'current');
insert into [Contract] (id, Clientid, SalesRepEmployeeProfileid, signeddate, [status]) values (7, 7, 80, '2022-07-05', 'current');
insert into [Contract] (id, Clientid, SalesRepEmployeeProfileid, signeddate, [status]) values (8, 8, 63, '2021-06-09', 'current');
insert into [Contract] (id, Clientid, SalesRepEmployeeProfileid, signeddate, [status]) values (9, 9, 67, '2023-06-30', 'current');
insert into [Contract] (id, Clientid, SalesRepEmployeeProfileid, signeddate, [status]) values (10, 10, 92, '2021-09-07', 'current');
insert into [Contract] (id, Clientid, SalesRepEmployeeProfileid, signeddate, [status]) values (11, 11, 51, '2021-01-06', 'current');
insert into [Contract] (id, Clientid, SalesRepEmployeeProfileid, signeddate, [status]) values (12, 12, 61, '2021-11-07', 'current');
insert into [Contract] (id, Clientid, SalesRepEmployeeProfileid, signeddate, [status]) values (13, 13, 77, '2020-12-28', 'current');
insert into [Contract] (id, Clientid, SalesRepEmployeeProfileid, signeddate, [status]) values (14, 14, 77, '2020-09-26', 'current');
insert into [Contract] (id, Clientid, SalesRepEmployeeProfileid, signeddate, [status]) values (15, 15, 70, '2020-09-09', 'current');
insert into [Contract] (id, Clientid, SalesRepEmployeeProfileid, signeddate, [status]) values (16, 16, 64, '2020-02-26', 'current');
insert into [Contract] (id, Clientid, SalesRepEmployeeProfileid, signeddate, [status]) values (17, 17, 57, '2022-07-09', 'current');
insert into [Contract] (id, Clientid, SalesRepEmployeeProfileid, signeddate, [status]) values (18, 18, 50, '2023-03-22', 'void');
insert into [Contract] (id, Clientid, SalesRepEmployeeProfileid, signeddate, [status]) values (19, 19, 77, '2021-05-07', 'current');
insert into [Contract] (id, Clientid, SalesRepEmployeeProfileid, signeddate, [status]) values (20, 20, 75, '2022-09-27', 'current');
insert into [Contract] (id, Clientid, SalesRepEmployeeProfileid, signeddate, [status]) values (21, 21, 90, '2020-11-22', 'void');
insert into [Contract] (id, Clientid, SalesRepEmployeeProfileid, signeddate, [status]) values (22, 22, 86, '2023-04-01', 'void');
insert into [Contract] (id, Clientid, SalesRepEmployeeProfileid, signeddate, [status]) values (23, 23, 95, '2020-03-29', 'current');
insert into [Contract] (id, Clientid, SalesRepEmployeeProfileid, signeddate, [status]) values (24, 24, 55, '2022-10-12', 'current');
insert into [Contract] (id, Clientid, SalesRepEmployeeProfileid, signeddate, [status]) values (25, 25, 90, '2022-02-12', 'current');
insert into [Contract] (id, Clientid, SalesRepEmployeeProfileid, signeddate, [status]) values (26, 26, 69, '2023-05-01', 'current');
insert into [Contract] (id, Clientid, SalesRepEmployeeProfileid, signeddate, [status]) values (27, 27, 60, '2021-04-06', 'void');
insert into [Contract] (id, Clientid, SalesRepEmployeeProfileid, signeddate, [status]) values (28, 28, 77, '2022-01-24', 'current');
insert into [Contract] (id, Clientid, SalesRepEmployeeProfileid, signeddate, [status]) values (29, 29, 82, '2023-05-19', 'current');
insert into [Contract] (id, Clientid, SalesRepEmployeeProfileid, signeddate, [status]) values (30, 30, 80, '2020-11-14', 'current');
insert into [Contract] (id, Clientid, SalesRepEmployeeProfileid, signeddate, [status]) values (31, 31, 56, '2021-06-08', 'current');
insert into [Contract] (id, Clientid, SalesRepEmployeeProfileid, signeddate, [status]) values (32, 32, 82, '2021-09-07', 'current');
insert into [Contract] (id, Clientid, SalesRepEmployeeProfileid, signeddate, [status]) values (33, 33, 94, '2023-02-24', 'current');
insert into [Contract] (id, Clientid, SalesRepEmployeeProfileid, signeddate, [status]) values (34, 34, 58, '2020-04-28', 'current');
insert into [Contract] (id, Clientid, SalesRepEmployeeProfileid, signeddate, [status]) values (35, 35, 84, '2022-11-13', 'current');
insert into [Contract] (id, Clientid, SalesRepEmployeeProfileid, signeddate, [status]) values (36, 36, 72, '2020-08-29', 'current');
insert into [Contract] (id, Clientid, SalesRepEmployeeProfileid, signeddate, [status]) values (37, 37, 63, '2021-11-03', 'void');
insert into [Contract] (id, Clientid, SalesRepEmployeeProfileid, signeddate, [status]) values (38, 38, 54, '2020-06-29', 'current');
insert into [Contract] (id, Clientid, SalesRepEmployeeProfileid, signeddate, [status]) values (39, 39, 73, '2022-03-08', 'current');
insert into [Contract] (id, Clientid, SalesRepEmployeeProfileid, signeddate, [status]) values (40, 40, 75, '2021-03-10', 'current');
insert into [Contract] (id, Clientid, SalesRepEmployeeProfileid, signeddate, [status]) values (41, 41, 79, '2023-04-14', 'current');
insert into [Contract] (id, Clientid, SalesRepEmployeeProfileid, signeddate, [status]) values (42, 42, 94, '2021-11-14', 'current');
insert into [Contract] (id, Clientid, SalesRepEmployeeProfileid, signeddate, [status]) values (43, 43, 54, '2023-03-26', 'current');
insert into [Contract] (id, Clientid, SalesRepEmployeeProfileid, signeddate, [status]) values (44, 44, 83, '2022-11-08', 'current');
insert into [Contract] (id, Clientid, SalesRepEmployeeProfileid, signeddate, [status]) values (45, 45, 79, '2020-11-19', 'current');
insert into [Contract] (id, Clientid, SalesRepEmployeeProfileid, signeddate, [status]) values (46, 46, 73, '2022-01-28', 'current');
insert into [Contract] (id, Clientid, SalesRepEmployeeProfileid, signeddate, [status]) values (47, 47, 69, '2021-10-10', 'current');
insert into [Contract] (id, Clientid, SalesRepEmployeeProfileid, signeddate, [status]) values (48, 48, 59, '2021-01-09', 'current');
insert into [Contract] (id, Clientid, SalesRepEmployeeProfileid, signeddate, [status]) values (49, 49, 96, '2021-05-12', 'current');
insert into [Contract] (id, Clientid, SalesRepEmployeeProfileid, signeddate, [status]) values (50, 50, 82, '2022-02-07', 'current');
insert into [Contract] (id, Clientid, SalesRepEmployeeProfileid, signeddate, [status]) values (51, 51, 79, '2021-04-20', 'void');
insert into [Contract] (id, Clientid, SalesRepEmployeeProfileid, signeddate, [status]) values (52, 52, 68, '2020-08-14', 'current');
insert into [Contract] (id, Clientid, SalesRepEmployeeProfileid, signeddate, [status]) values (53, 53, 49, '2023-01-20', 'current');
insert into [Contract] (id, Clientid, SalesRepEmployeeProfileid, signeddate, [status]) values (54, 54, 60, '2020-02-02', 'void');
insert into [Contract] (id, Clientid, SalesRepEmployeeProfileid, signeddate, [status]) values (55, 55, 51, '2020-06-11', 'current');
insert into [Contract] (id, Clientid, SalesRepEmployeeProfileid, signeddate, [status]) values (56, 56, 65, '2020-03-29', 'current');
insert into [Contract] (id, Clientid, SalesRepEmployeeProfileid, signeddate, [status]) values (57, 57, 91, '2021-10-10', 'void');
insert into [Contract] (id, Clientid, SalesRepEmployeeProfileid, signeddate, [status]) values (58, 58, 74, '2020-08-20', 'current');
insert into [Contract] (id, Clientid, SalesRepEmployeeProfileid, signeddate, [status]) values (59, 59, 72, '2020-05-02', 'current');
insert into [Contract] (id, Clientid, SalesRepEmployeeProfileid, signeddate, [status]) values (60, 60, 78, '2023-04-25', 'void');
insert into [Contract] (id, Clientid, SalesRepEmployeeProfileid, signeddate, [status]) values (61, 61, 67, '2022-03-19', 'void');
insert into [Contract] (id, Clientid, SalesRepEmployeeProfileid, signeddate, [status]) values (62, 62, 57, '2020-01-16', 'current');
insert into [Contract] (id, Clientid, SalesRepEmployeeProfileid, signeddate, [status]) values (63, 63, 59, '2021-06-06', 'current');
insert into [Contract] (id, Clientid, SalesRepEmployeeProfileid, signeddate, [status]) values (64, 64, 66, '2021-04-05', 'current');
insert into [Contract] (id, Clientid, SalesRepEmployeeProfileid, signeddate, [status]) values (65, 65, 70, '2020-10-04', 'current');
insert into [Contract] (id, Clientid, SalesRepEmployeeProfileid, signeddate, [status]) values (66, 66, 75, '2020-12-07', 'void');
insert into [Contract] (id, Clientid, SalesRepEmployeeProfileid, signeddate, [status]) values (67, 67, 89, '2021-02-02', 'void');
insert into [Contract] (id, Clientid, SalesRepEmployeeProfileid, signeddate, [status]) values (68, 68, 77, '2021-11-02', 'current');
insert into [Contract] (id, Clientid, SalesRepEmployeeProfileid, signeddate, [status]) values (69, 69, 52, '2021-05-20', 'current');
insert into [Contract] (id, Clientid, SalesRepEmployeeProfileid, signeddate, [status]) values (70, 70, 88, '2022-11-13', 'current');
insert into [Contract] (id, Clientid, SalesRepEmployeeProfileid, signeddate, [status]) values (71, 71, 81, '2020-04-28', 'current');
insert into [Contract] (id, Clientid, SalesRepEmployeeProfileid, signeddate, [status]) values (72, 72, 79, '2020-10-26', 'current');
insert into [Contract] (id, Clientid, SalesRepEmployeeProfileid, signeddate, [status]) values (73, 73, 89, '2020-05-16', 'current');
insert into [Contract] (id, Clientid, SalesRepEmployeeProfileid, signeddate, [status]) values (74, 74, 56, '2021-04-24', 'current');
insert into [Contract] (id, Clientid, SalesRepEmployeeProfileid, signeddate, [status]) values (75, 75, 82, '2023-02-20', 'current');
insert into [Contract] (id, Clientid, SalesRepEmployeeProfileid, signeddate, [status]) values (76, 76, 59, '2020-01-09', 'current');
insert into [Contract] (id, Clientid, SalesRepEmployeeProfileid, signeddate, [status]) values (77, 77, 65, '2021-09-23', 'current');
insert into [Contract] (id, Clientid, SalesRepEmployeeProfileid, signeddate, [status]) values (78, 78, 73, '2021-09-29', 'current');
insert into [Contract] (id, Clientid, SalesRepEmployeeProfileid, signeddate, [status]) values (79, 79, 75, '2021-10-22', 'current');
insert into [Contract] (id, Clientid, SalesRepEmployeeProfileid, signeddate, [status]) values (80, 80, 78, '2022-06-05', 'void');
insert into [Contract] (id, Clientid, SalesRepEmployeeProfileid, signeddate, [status]) values (81, 81, 95, '2020-09-15', 'void');
insert into [Contract] (id, Clientid, SalesRepEmployeeProfileid, signeddate, [status]) values (82, 82, 50, '2022-12-31', 'current');
insert into [Contract] (id, Clientid, SalesRepEmployeeProfileid, signeddate, [status]) values (83, 83, 50, '2021-04-20', 'current');
insert into [Contract] (id, Clientid, SalesRepEmployeeProfileid, signeddate, [status]) values (84, 84, 59, '2021-07-11', 'current');
insert into [Contract] (id, Clientid, SalesRepEmployeeProfileid, signeddate, [status]) values (85, 85, 88, '2021-03-28', 'current');
insert into [Contract] (id, Clientid, SalesRepEmployeeProfileid, signeddate, [status]) values (86, 86, 91, '2022-07-20', 'current');
insert into [Contract] (id, Clientid, SalesRepEmployeeProfileid, signeddate, [status]) values (87, 87, 49, '2021-03-21', 'current');
insert into [Contract] (id, Clientid, SalesRepEmployeeProfileid, signeddate, [status]) values (88, 88, 73, '2021-08-27', 'current');
insert into [Contract] (id, Clientid, SalesRepEmployeeProfileid, signeddate, [status]) values (89, 89, 57, '2022-05-03', 'current');
insert into [Contract] (id, Clientid, SalesRepEmployeeProfileid, signeddate, [status]) values (90, 90, 89, '2020-05-24', 'current');
insert into [Contract] (id, Clientid, SalesRepEmployeeProfileid, signeddate, [status]) values (91, 91, 84, '2021-11-04', 'void');
insert into [Contract] (id, Clientid, SalesRepEmployeeProfileid, signeddate, [status]) values (92, 92, 54, '2020-12-08', 'current');
insert into [Contract] (id, Clientid, SalesRepEmployeeProfileid, signeddate, [status]) values (93, 93, 91, '2021-01-27', 'current');
insert into [Contract] (id, Clientid, SalesRepEmployeeProfileid, signeddate, [status]) values (94, 94, 81, '2021-07-26', 'current');
insert into [Contract] (id, Clientid, SalesRepEmployeeProfileid, signeddate, [status]) values (95, 95, 96, '2023-03-17', 'current');
insert into [Contract] (id, Clientid, SalesRepEmployeeProfileid, signeddate, [status]) values (96, 96, 68, '2020-06-15', 'current');
insert into [Contract] (id, Clientid, SalesRepEmployeeProfileid, signeddate, [status]) values (97, 97, 81, '2022-01-18', 'void');
insert into [Contract] (id, Clientid, SalesRepEmployeeProfileid, signeddate, [status]) values (98, 98, 50, '2023-01-29', 'void');
insert into [Contract] (id, Clientid, SalesRepEmployeeProfileid, signeddate, [status]) values (99, 99, 53, '2021-12-26', 'current');
insert into [Contract] (id, Clientid, SalesRepEmployeeProfileid, signeddate, [status]) values (100, 100, 52, '2020-06-27', 'void');
-- Subscription
insert into [Subscription] (id, Contractid, Levelsid, discount, [status], lastpay, nextpay) values (1, 1, 3, 'true', 'subscribed', '2022-11-20', '2023-07-11');
insert into [Subscription] (id, Contractid, Levelsid, discount, [status], lastpay, nextpay) values (2, 2, 3, 'true', 'subscribed', '2022-07-04', '2023-12-22');
insert into [Subscription] (id, Contractid, Levelsid, discount, [status], lastpay, nextpay) values (3, 3, 4, 'true', 'subscribed', '2022-10-11', '2024-03-21');
insert into [Subscription] (id, Contractid, Levelsid, discount, [status], lastpay, nextpay) values (4, 4, 4, 'true', 'subscribed', '2023-06-23', '2024-04-29');
insert into [Subscription] (id, Contractid, Levelsid, discount, [status], lastpay, nextpay) values (5, 5, 1, 'true', 'subscribed', '2023-06-07', '2024-06-06');
insert into [Subscription] (id, Contractid, Levelsid, discount, [status], lastpay, nextpay) values (6, 6, 1, 'true', 'unsubscribed', '2022-09-18', '2023-07-18');
insert into [Subscription] (id, Contractid, Levelsid, discount, [status], lastpay, nextpay) values (7, 7, 4, 'false', 'subscribed', '2023-01-25', '2024-05-25');
insert into [Subscription] (id, Contractid, Levelsid, discount, [status], lastpay, nextpay) values (8, 8, 2, 'true', 'subscribed', '2022-07-02', '2024-01-08');
insert into [Subscription] (id, Contractid, Levelsid, discount, [status], lastpay, nextpay) values (9, 9, 2, 'false', 'subscribed', '2023-06-09', '2024-03-20');
insert into [Subscription] (id, Contractid, Levelsid, discount, [status], lastpay, nextpay) values (10, 10, 1, 'true', 'subscribed', '2023-01-04', '2023-09-10');
insert into [Subscription] (id, Contractid, Levelsid, discount, [status], lastpay, nextpay) values (11, 11, 2, 'true', 'subscribed', '2023-02-18', '2024-01-19');
insert into [Subscription] (id, Contractid, Levelsid, discount, [status], lastpay, nextpay) values (12, 12, 4, 'true', 'subscribed', '2023-06-09', '2024-03-04');
insert into [Subscription] (id, Contractid, Levelsid, discount, [status], lastpay, nextpay) values (13, 13, 2, 'true', 'subscribed', '2022-12-28', '2023-09-11');
insert into [Subscription] (id, Contractid, Levelsid, discount, [status], lastpay, nextpay) values (14, 14, 4, 'true', 'unsubscribed', '2022-10-04', '2024-01-09');
insert into [Subscription] (id, Contractid, Levelsid, discount, [status], lastpay, nextpay) values (15, 15, 3, 'true', 'subscribed', '2023-02-15', '2023-09-10');
insert into [Subscription] (id, Contractid, Levelsid, discount, [status], lastpay, nextpay) values (16, 16, 4, 'false', 'subscribed', '2023-03-13', '2024-03-31');
insert into [Subscription] (id, Contractid, Levelsid, discount, [status], lastpay, nextpay) values (17, 17, 3, 'true', 'unsubscribed', '2022-10-19', '2024-03-30');
insert into [Subscription] (id, Contractid, Levelsid, discount, [status], lastpay, nextpay) values (18, 18, 2, 'true', 'subscribed', '2022-10-16', '2023-08-02');
insert into [Subscription] (id, Contractid, Levelsid, discount, [status], lastpay, nextpay) values (19, 19, 1, 'true', 'subscribed', '2023-02-06', '2024-02-05');
insert into [Subscription] (id, Contractid, Levelsid, discount, [status], lastpay, nextpay) values (20, 20, 2, 'true', 'subscribed', '2022-08-11', '2023-09-19');
insert into [Subscription] (id, Contractid, Levelsid, discount, [status], lastpay, nextpay) values (21, 21, 4, 'false', 'subscribed', '2023-06-23', '2023-11-27');
insert into [Subscription] (id, Contractid, Levelsid, discount, [status], lastpay, nextpay) values (22, 22, 1, 'true', 'subscribed', '2023-03-18', '2024-01-20');
insert into [Subscription] (id, Contractid, Levelsid, discount, [status], lastpay, nextpay) values (23, 23, 3, 'false', 'subscribed', '2023-04-06', '2023-11-11');
insert into [Subscription] (id, Contractid, Levelsid, discount, [status], lastpay, nextpay) values (24, 24, 1, 'false', 'subscribed', '2023-01-16', '2024-02-04');
insert into [Subscription] (id, Contractid, Levelsid, discount, [status], lastpay, nextpay) values (25, 25, 3, 'true', 'subscribed', '2022-11-16', '2024-02-18');
insert into [Subscription] (id, Contractid, Levelsid, discount, [status], lastpay, nextpay) values (26, 26, 2, 'true', 'subscribed', '2022-12-11', '2023-09-14');
insert into [Subscription] (id, Contractid, Levelsid, discount, [status], lastpay, nextpay) values (27, 27, 3, 'true', 'subscribed', '2023-05-09', '2023-10-13');
insert into [Subscription] (id, Contractid, Levelsid, discount, [status], lastpay, nextpay) values (28, 28, 2, 'true', 'unsubscribed', '2022-09-26', '2024-06-10');
insert into [Subscription] (id, Contractid, Levelsid, discount, [status], lastpay, nextpay) values (29, 29, 1, 'true', 'subscribed', '2022-12-31', '2023-07-06');
insert into [Subscription] (id, Contractid, Levelsid, discount, [status], lastpay, nextpay) values (30, 30, 3, 'true', 'unsubscribed', '2023-01-13', '2023-09-19');
insert into [Subscription] (id, Contractid, Levelsid, discount, [status], lastpay, nextpay) values (31, 31, 1, 'true', 'subscribed', '2023-06-09', '2024-03-05');
insert into [Subscription] (id, Contractid, Levelsid, discount, [status], lastpay, nextpay) values (32, 32, 3, 'true', 'subscribed', '2023-04-08', '2023-12-24');
insert into [Subscription] (id, Contractid, Levelsid, discount, [status], lastpay, nextpay) values (33, 33, 3, 'true', 'subscribed', '2022-08-31', '2024-04-20');
insert into [Subscription] (id, Contractid, Levelsid, discount, [status], lastpay, nextpay) values (34, 34, 2, 'true', 'subscribed', '2023-03-13', '2024-05-10');
insert into [Subscription] (id, Contractid, Levelsid, discount, [status], lastpay, nextpay) values (35, 35, 1, 'false', 'subscribed', '2023-04-20', '2024-06-30');
insert into [Subscription] (id, Contractid, Levelsid, discount, [status], lastpay, nextpay) values (36, 36, 3, 'true', 'subscribed', '2022-12-29', '2023-07-17');
insert into [Subscription] (id, Contractid, Levelsid, discount, [status], lastpay, nextpay) values (37, 37, 2, 'true', 'subscribed', '2022-07-20', '2024-05-13');
insert into [Subscription] (id, Contractid, Levelsid, discount, [status], lastpay, nextpay) values (38, 38, 4, 'true', 'subscribed', '2022-07-08', '2024-01-21');
insert into [Subscription] (id, Contractid, Levelsid, discount, [status], lastpay, nextpay) values (39, 39, 2, 'false', 'subscribed', '2022-08-10', '2023-09-07');
insert into [Subscription] (id, Contractid, Levelsid, discount, [status], lastpay, nextpay) values (40, 40, 1, 'true', 'subscribed', '2022-10-30', '2023-10-06');
insert into [Subscription] (id, Contractid, Levelsid, discount, [status], lastpay, nextpay) values (41, 41, 1, 'false', 'subscribed', '2022-08-13', '2024-05-04');
insert into [Subscription] (id, Contractid, Levelsid, discount, [status], lastpay, nextpay) values (42, 42, 4, 'false', 'subscribed', '2022-08-09', '2024-06-19');
insert into [Subscription] (id, Contractid, Levelsid, discount, [status], lastpay, nextpay) values (43, 43, 2, 'true', 'subscribed', '2022-09-22', '2024-01-02');
insert into [Subscription] (id, Contractid, Levelsid, discount, [status], lastpay, nextpay) values (44, 44, 3, 'true', 'unsubscribed', '2022-07-31', '2024-05-22');
insert into [Subscription] (id, Contractid, Levelsid, discount, [status], lastpay, nextpay) values (45, 45, 1, 'true', 'subscribed', '2022-11-09', '2024-05-24');
insert into [Subscription] (id, Contractid, Levelsid, discount, [status], lastpay, nextpay) values (46, 46, 2, 'true', 'subscribed', '2022-10-29', '2024-01-18');
insert into [Subscription] (id, Contractid, Levelsid, discount, [status], lastpay, nextpay) values (47, 47, 2, 'true', 'unsubscribed', '2022-10-25', '2024-01-20');
insert into [Subscription] (id, Contractid, Levelsid, discount, [status], lastpay, nextpay) values (48, 48, 4, 'false', 'subscribed', '2023-03-20', '2023-09-15');
insert into [Subscription] (id, Contractid, Levelsid, discount, [status], lastpay, nextpay) values (49, 49, 1, 'true', 'subscribed', '2023-05-06', '2024-04-25');
insert into [Subscription] (id, Contractid, Levelsid, discount, [status], lastpay, nextpay) values (50, 50, 2, 'false', 'subscribed', '2022-09-16', '2023-11-14');
insert into [Subscription] (id, Contractid, Levelsid, discount, [status], lastpay, nextpay) values (51, 51, 1, 'true', 'unsubscribed', '2022-11-15', '2023-08-06');
insert into [Subscription] (id, Contractid, Levelsid, discount, [status], lastpay, nextpay) values (52, 52, 2, 'false', 'subscribed', '2022-11-02', '2024-03-03');
insert into [Subscription] (id, Contractid, Levelsid, discount, [status], lastpay, nextpay) values (53, 53, 3, 'true', 'subscribed', '2023-02-11', '2023-07-24');
insert into [Subscription] (id, Contractid, Levelsid, discount, [status], lastpay, nextpay) values (54, 54, 2, 'true', 'unsubscribed', '2023-03-07', '2024-03-18');
insert into [Subscription] (id, Contractid, Levelsid, discount, [status], lastpay, nextpay) values (55, 55, 4, 'true', 'subscribed', '2022-11-15', '2023-11-08');
insert into [Subscription] (id, Contractid, Levelsid, discount, [status], lastpay, nextpay) values (56, 56, 3, 'true', 'subscribed', '2023-02-25', '2023-10-18');
insert into [Subscription] (id, Contractid, Levelsid, discount, [status], lastpay, nextpay) values (57, 57, 4, 'false', 'subscribed', '2023-02-13', '2024-04-12');
insert into [Subscription] (id, Contractid, Levelsid, discount, [status], lastpay, nextpay) values (58, 58, 2, 'true', 'subscribed', '2023-06-05', '2024-01-22');
insert into [Subscription] (id, Contractid, Levelsid, discount, [status], lastpay, nextpay) values (59, 59, 1, 'true', 'subscribed', '2022-08-19', '2024-06-27');
insert into [Subscription] (id, Contractid, Levelsid, discount, [status], lastpay, nextpay) values (60, 60, 2, 'false', 'subscribed', '2023-03-01', '2024-04-24');
insert into [Subscription] (id, Contractid, Levelsid, discount, [status], lastpay, nextpay) values (61, 61, 3, 'true', 'unsubscribed', '2023-03-19', '2024-02-22');
insert into [Subscription] (id, Contractid, Levelsid, discount, [status], lastpay, nextpay) values (62, 62, 1, 'true', 'subscribed', '2023-03-10', '2023-12-26');
insert into [Subscription] (id, Contractid, Levelsid, discount, [status], lastpay, nextpay) values (63, 63, 3, 'false', 'subscribed', '2022-10-11', '2024-06-30');
insert into [Subscription] (id, Contractid, Levelsid, discount, [status], lastpay, nextpay) values (64, 64, 2, 'true', 'subscribed', '2023-03-26', '2024-05-22');
insert into [Subscription] (id, Contractid, Levelsid, discount, [status], lastpay, nextpay) values (65, 65, 4, 'false', 'subscribed', '2023-05-24', '2023-11-21');
insert into [Subscription] (id, Contractid, Levelsid, discount, [status], lastpay, nextpay) values (66, 66, 3, 'true', 'subscribed', '2022-09-02', '2023-07-08');
insert into [Subscription] (id, Contractid, Levelsid, discount, [status], lastpay, nextpay) values (67, 67, 3, 'false', 'subscribed', '2023-05-18', '2023-12-17');
insert into [Subscription] (id, Contractid, Levelsid, discount, [status], lastpay, nextpay) values (68, 68, 3, 'true', 'subscribed', '2023-02-08', '2024-02-22');
insert into [Subscription] (id, Contractid, Levelsid, discount, [status], lastpay, nextpay) values (69, 69, 4, 'true', 'subscribed', '2022-11-11', '2023-09-24');
insert into [Subscription] (id, Contractid, Levelsid, discount, [status], lastpay, nextpay) values (70, 70, 4, 'true', 'subscribed', '2022-08-29', '2024-03-10');
insert into [Subscription] (id, Contractid, Levelsid, discount, [status], lastpay, nextpay) values (71, 71, 3, 'true', 'subscribed', '2022-10-28', '2024-02-08');
insert into [Subscription] (id, Contractid, Levelsid, discount, [status], lastpay, nextpay) values (72, 72, 4, 'true', 'subscribed', '2022-10-13', '2024-04-27');
insert into [Subscription] (id, Contractid, Levelsid, discount, [status], lastpay, nextpay) values (73, 73, 3, 'true', 'subscribed', '2022-11-02', '2024-02-07');
insert into [Subscription] (id, Contractid, Levelsid, discount, [status], lastpay, nextpay) values (74, 74, 3, 'true', 'subscribed', '2022-12-28', '2024-04-18');
insert into [Subscription] (id, Contractid, Levelsid, discount, [status], lastpay, nextpay) values (75, 75, 1, 'true', 'subscribed', '2022-07-18', '2024-05-31');
insert into [Subscription] (id, Contractid, Levelsid, discount, [status], lastpay, nextpay) values (76, 76, 1, 'false', 'unsubscribed', '2022-08-14', '2023-07-07');
insert into [Subscription] (id, Contractid, Levelsid, discount, [status], lastpay, nextpay) values (77, 77, 3, 'false', 'subscribed', '2023-06-25', '2024-04-23');
insert into [Subscription] (id, Contractid, Levelsid, discount, [status], lastpay, nextpay) values (78, 78, 4, 'true', 'subscribed', '2023-03-12', '2023-07-01');
insert into [Subscription] (id, Contractid, Levelsid, discount, [status], lastpay, nextpay) values (79, 79, 1, 'true', 'subscribed', '2022-10-18', '2023-11-19');
insert into [Subscription] (id, Contractid, Levelsid, discount, [status], lastpay, nextpay) values (80, 80, 3, 'true', 'subscribed', '2022-07-07', '2024-04-07');
insert into [Subscription] (id, Contractid, Levelsid, discount, [status], lastpay, nextpay) values (81, 81, 2, 'false', 'subscribed', '2023-01-28', '2024-04-07');
insert into [Subscription] (id, Contractid, Levelsid, discount, [status], lastpay, nextpay) values (82, 82, 4, 'true', 'subscribed', '2023-03-23', '2024-06-25');
insert into [Subscription] (id, Contractid, Levelsid, discount, [status], lastpay, nextpay) values (83, 83, 2, 'true', 'subscribed', '2022-12-04', '2023-10-16');
insert into [Subscription] (id, Contractid, Levelsid, discount, [status], lastpay, nextpay) values (84, 84, 3, 'true', 'subscribed', '2022-09-23', '2023-10-04');
insert into [Subscription] (id, Contractid, Levelsid, discount, [status], lastpay, nextpay) values (85, 85, 3, 'false', 'subscribed', '2022-07-22', '2023-09-10');
insert into [Subscription] (id, Contractid, Levelsid, discount, [status], lastpay, nextpay) values (86, 86, 2, 'false', 'subscribed', '2023-04-11', '2023-09-24');
insert into [Subscription] (id, Contractid, Levelsid, discount, [status], lastpay, nextpay) values (87, 87, 3, 'false', 'subscribed', '2023-01-05', '2024-04-16');
insert into [Subscription] (id, Contractid, Levelsid, discount, [status], lastpay, nextpay) values (88, 88, 4, 'true', 'subscribed', '2022-09-29', '2023-11-14');
insert into [Subscription] (id, Contractid, Levelsid, discount, [status], lastpay, nextpay) values (89, 89, 1, 'true', 'subscribed', '2023-04-29', '2023-07-05');
insert into [Subscription] (id, Contractid, Levelsid, discount, [status], lastpay, nextpay) values (90, 90, 3, 'false', 'subscribed', '2022-08-14', '2023-08-11');
insert into [Subscription] (id, Contractid, Levelsid, discount, [status], lastpay, nextpay) values (91, 91, 1, 'true', 'subscribed', '2022-09-17', '2024-04-04');
insert into [Subscription] (id, Contractid, Levelsid, discount, [status], lastpay, nextpay) values (92, 92, 1, 'false', 'subscribed', '2023-05-24', '2023-07-17');
insert into [Subscription] (id, Contractid, Levelsid, discount, [status], lastpay, nextpay) values (93, 93, 2, 'true', 'subscribed', '2022-10-23', '2023-09-05');
insert into [Subscription] (id, Contractid, Levelsid, discount, [status], lastpay, nextpay) values (94, 94, 3, 'true', 'unsubscribed', '2022-07-08', '2024-06-22');
insert into [Subscription] (id, Contractid, Levelsid, discount, [status], lastpay, nextpay) values (95, 95, 3, 'true', 'unsubscribed', '2023-05-24', '2024-02-09');
insert into [Subscription] (id, Contractid, Levelsid, discount, [status], lastpay, nextpay) values (96, 96, 3, 'true', 'unsubscribed', '2023-03-17', '2024-06-20');
insert into [Subscription] (id, Contractid, Levelsid, discount, [status], lastpay, nextpay) values (97, 97, 1, 'true', 'subscribed', '2022-12-14', '2024-01-11');
insert into [Subscription] (id, Contractid, Levelsid, discount, [status], lastpay, nextpay) values (98, 98, 2, 'true', 'subscribed', '2023-05-11', '2023-07-20');
insert into [Subscription] (id, Contractid, Levelsid, discount, [status], lastpay, nextpay) values (99, 99, 4, 'true', 'subscribed', '2022-07-09', '2024-03-28');
insert into [Subscription] (id, Contractid, Levelsid, discount, [status], lastpay, nextpay) values (100, 100, 3, 'true', 'subscribed', '2023-05-14', '2023-09-12');

